"","1","2","3","4","5","6","7","8","9"
"1","NYA","NYN","ATL",NA,NA,NA,NA,NA,NA
"2","HOU","HOU","WAS","OAK","OAK",NA,NA,NA,NA
"3","LAA","LAA","LAN","NYN",NA,NA,NA,NA,NA
"4","CHA","CHA",NA,NA,NA,NA,NA,NA,NA
"5","HOU",NA,NA,NA,NA,NA,NA,NA,NA
"6","KCA","SFN","SFN",NA,NA,NA,NA,NA,NA
"7","BAL","CLE","OAK",NA,NA,NA,NA,NA,NA
"8","BOS","BOS","BOS","NYA",NA,NA,NA,NA,NA
"9","MIN","MIN",NA,NA,NA,NA,NA,NA,NA
"10","SEA","SEA","SEA","SEA","SEA","NYA",NA,NA,NA
"11","NYN","NYN",NA,NA,NA,NA,NA,NA,NA
"12","COL","COL",NA,NA,NA,NA,NA,NA,NA
"13","CLE","CLE",NA,NA,NA,NA,NA,NA,NA
"14","NYA",NA,NA,NA,NA,NA,NA,NA,NA
"15","KCA",NA,NA,NA,NA,NA,NA,NA,NA
"16","SLN","SLN","SLN","SLN",NA,NA,NA,NA,NA
"17","SDN","TEX","TEX","PHI","PHI",NA,NA,NA,NA
"18","BAL",NA,NA,NA,NA,NA,NA,NA,NA
"19","KCA","KCA","TEX","CIN",NA,NA,NA,NA,NA
"20","TEX","TEX",NA,NA,NA,NA,NA,NA,NA
"21","SFN","SFN","SFN",NA,NA,NA,NA,NA,NA
"22","SFN","SFN","SFN","SFN","SFN",NA,NA,NA,NA
"23","CLE","CLE",NA,NA,NA,NA,NA,NA,NA
"24","ARI","ARI",NA,NA,NA,NA,NA,NA,NA
"25","ARI",NA,NA,NA,NA,NA,NA,NA,NA
"26","MIN","TOR",NA,NA,NA,NA,NA,NA,NA
"27","TEX",NA,NA,NA,NA,NA,NA,NA,NA
"28","BOS","BOS","ARI","CLE","HOU","CHA",NA,NA,NA
"29","DET","DET","DET","DET","DET",NA,NA,NA,NA
"30","CHN","CHN",NA,NA,NA,NA,NA,NA,NA
"31","KCA",NA,NA,NA,NA,NA,NA,NA,NA
"32","COL",NA,NA,NA,NA,NA,NA,NA,NA
"33","ARI","OAK","OAK","TBA",NA,NA,NA,NA,NA
"34","CLE","CLE","CLE","CLE",NA,NA,NA,NA,NA
"35","SEA","SEA","SDN","SDN","CLE",NA,NA,NA,NA
"36","MIL",NA,NA,NA,NA,NA,NA,NA,NA
"37","KCA",NA,NA,NA,NA,NA,NA,NA,NA
"38","NYA","NYA",NA,NA,NA,NA,NA,NA,NA
"39","CIN","SDN","SDN","SDN","SDN",NA,NA,NA,NA
"40","PHI","PHI",NA,NA,NA,NA,NA,NA,NA
"41","HOU","HOU","HOU","HOU","HOU",NA,NA,NA,NA
"42","NYN","NYN",NA,NA,NA,NA,NA,NA,NA
"43","BAL",NA,NA,NA,NA,NA,NA,NA,NA
"44","TOR","TOR","MIA","MIA","MIA",NA,NA,NA,NA
"45","DET","LAA","LAA",NA,NA,NA,NA,NA,NA
"46","PIT","PIT","PIT","PIT","PIT",NA,NA,NA,NA
"47","SDN","OAK",NA,NA,NA,NA,NA,NA,NA
"48","LAA","LAA","SDN","SDN","SDN","SDN",NA,NA,NA
"49","HOU","HOU","SDN",NA,NA,NA,NA,NA,NA
"50","MIA",NA,NA,NA,NA,NA,NA,NA,NA
"51","COL","FLO",NA,NA,NA,NA,NA,NA,NA
"52","OAK","OAK","OAK","COL","LAN",NA,NA,NA,NA
"53","SLN","CHA","OAK","OAK",NA,NA,NA,NA,NA
"54","ARI","ARI",NA,NA,NA,NA,NA,NA,NA
"55","CLE",NA,NA,NA,NA,NA,NA,NA,NA
"56","BOS","BOS",NA,NA,NA,NA,NA,NA,NA
"57","BAL","BAL","SEA",NA,NA,NA,NA,NA,NA
"58","TBA",NA,NA,NA,NA,NA,NA,NA,NA
"59","TEX","TEX","TEX","TEX","TEX",NA,NA,NA,NA
"60","BAL",NA,NA,NA,NA,NA,NA,NA,NA
"61","WAS","WAS","HOU","NYN",NA,NA,NA,NA,NA
"62","NYA","SLN",NA,NA,NA,NA,NA,NA,NA
"63","MIL","MIL","KCA","SFN",NA,NA,NA,NA,NA
"64","PHI",NA,NA,NA,NA,NA,NA,NA,NA
"65","TBA","TBA","TBA","TBA",NA,NA,NA,NA,NA
"66","MIN","MIN","MIN",NA,NA,NA,NA,NA,NA
"67","COL","COL","COL",NA,NA,NA,NA,NA,NA
"68","TOR","TOR","TOR","TEX","TBA",NA,NA,NA,NA
"69","SFN","SFN","SFN","SFN",NA,NA,NA,NA,NA
"70","CLE",NA,NA,NA,NA,NA,NA,NA,NA
"71","BOS",NA,NA,NA,NA,NA,NA,NA,NA
"72","CIN","CIN",NA,NA,NA,NA,NA,NA,NA
"73","BAL","BAL","BAL","CHN","CHN","CHN",NA,NA,NA
"74","CIN","CIN","CIN","ARI",NA,NA,NA,NA,NA
"75","LAN",NA,NA,NA,NA,NA,NA,NA,NA
"76","PIT",NA,NA,NA,NA,NA,NA,NA,NA
"77","PHI","PHI","PHI",NA,NA,NA,NA,NA,NA
"78","PHI",NA,NA,NA,NA,NA,NA,NA,NA
"79","MIL",NA,NA,NA,NA,NA,NA,NA,NA
"80","BOS","BOS","NYN","CLE","CLE",NA,NA,NA,NA
"81","BAL",NA,NA,NA,NA,NA,NA,NA,NA
"82","SLN",NA,NA,NA,NA,NA,NA,NA,NA
"83","PHI","PHI","PHI","PHI",NA,NA,NA,NA,NA
"84","BAL",NA,NA,NA,NA,NA,NA,NA,NA
"85","DET","DET","DET","DET","DET",NA,NA,NA,NA
"86","ATL","ATL","ATL","ATL","LAN",NA,NA,NA,NA
"87","KCA","BOS","BOS","CLE","CLE","CLE",NA,NA,NA
"88","CHA","CHA","CHA","CIN","CIN",NA,NA,NA,NA
"89","MIL","MIL","MIL","SLN","CLE","PIT","COL",NA,NA
"90","NYA","BAL","BAL","ATL",NA,NA,NA,NA,NA
"91","LAA","LAA","LAA","LAA","LAA",NA,NA,NA,NA
"92","FLO","TBA","MIL","BOS","CIN",NA,NA,NA,NA
"93","PHI",NA,NA,NA,NA,NA,NA,NA,NA
"94","CHN","CHN",NA,NA,NA,NA,NA,NA,NA
"95","LAN","LAN",NA,NA,NA,NA,NA,NA,NA
"96","OAK","BOS","BOS","NYA",NA,NA,NA,NA,NA
"97","CIN","CIN","CIN","CIN","CIN",NA,NA,NA,NA
"98","CHN","CHN","DET","ATL","TEX","MIA","MIA",NA,NA
"99","FLO","SDN","SDN","CHN",NA,NA,NA,NA,NA
"100","MIN","CHN","TEX","LAN",NA,NA,NA,NA,NA
"101","WAS","DET","CIN",NA,NA,NA,NA,NA,NA
"102","OAK","OAK","OAK","TBA","TBA",NA,NA,NA,NA
"103","LAA",NA,NA,NA,NA,NA,NA,NA,NA
"104","SEA",NA,NA,NA,NA,NA,NA,NA,NA
"105","ATL",NA,NA,NA,NA,NA,NA,NA,NA
"106","LAN","PIT",NA,NA,NA,NA,NA,NA,NA
"107","BOS","BOS","BOS",NA,NA,NA,NA,NA,NA
"108","SEA",NA,NA,NA,NA,NA,NA,NA,NA
"109","HOU","PIT","PIT","PIT","SDN",NA,NA,NA,NA
"110","LAN",NA,NA,NA,NA,NA,NA,NA,NA
"111","HOU","HOU","COL","COL",NA,NA,NA,NA,NA
"112","CHN","CHN","CHN","CHN","LAN","LAN","TOR",NA,NA
"113","BOS","BOS",NA,NA,NA,NA,NA,NA,NA
"114","CLE","CLE",NA,NA,NA,NA,NA,NA,NA
"115","CIN","CIN",NA,NA,NA,NA,NA,NA,NA
"116","SEA",NA,NA,NA,NA,NA,NA,NA,NA
"117","MIA",NA,NA,NA,NA,NA,NA,NA,NA
"118","WAS","WAS",NA,NA,NA,NA,NA,NA,NA
"119","MIL",NA,NA,NA,NA,NA,NA,NA,NA
"120","SDN","SDN","MIN",NA,NA,NA,NA,NA,NA
"121","OAK","OAK","OAK","OAK",NA,NA,NA,NA,NA
"122","SDN","SDN","SDN","HOU","TEX",NA,NA,NA,NA
"123","CHA","OAK",NA,NA,NA,NA,NA,NA,NA
"124","PHI","PHI","PHI","PHI","PIT",NA,NA,NA,NA
"125","SLN","NYN","NYN","ATL",NA,NA,NA,NA,NA
"126","ARI","CLE","CLE","CLE",NA,NA,NA,NA,NA
"127","TOR","TOR","TOR","TOR","TOR",NA,NA,NA,NA
"128","NYN","NYN","NYN","LAN","CHN",NA,NA,NA,NA
"129","NYN","NYN","SEA",NA,NA,NA,NA,NA,NA
"130","ATL","ATL","ATL","LAN",NA,NA,NA,NA,NA
"131","NYN","NYN","BOS","BOS","ATL",NA,NA,NA,NA
"132","SEA","SEA","SEA","SEA",NA,NA,NA,NA,NA
"133","TOR","TOR",NA,NA,NA,NA,NA,NA,NA
"134","CHA",NA,NA,NA,NA,NA,NA,NA,NA
"135","BOS","BOS","LAN","LAN","LAN",NA,NA,NA,NA
"136","CHA","CHA","CHA","CHA","LAA","CHA",NA,NA,NA
"137","TBA","TBA",NA,NA,NA,NA,NA,NA,NA
"138","SEA","BOS","PIT","HOU","TBA",NA,NA,NA,NA
"139","LAA","LAA",NA,NA,NA,NA,NA,NA,NA
"140","CHN","CHN",NA,NA,NA,NA,NA,NA,NA
"141","PIT","SEA","SEA",NA,NA,NA,NA,NA,NA
"142","BAL",NA,NA,NA,NA,NA,NA,NA,NA
"143","COL","COL","COL","COL","SLN",NA,NA,NA,NA
"144","LAN","LAN","CHA","TBA",NA,NA,NA,NA,NA
"145","CHN","TBA","TBA","TBA",NA,NA,NA,NA,NA
"146","TBA",NA,NA,NA,NA,NA,NA,NA,NA
"147","SDN","MIA","ARI","TBA",NA,NA,NA,NA,NA
"148","BAL","ARI",NA,NA,NA,NA,NA,NA,NA
"149","LAA","CIN",NA,NA,NA,NA,NA,NA,NA
"150","TBA",NA,NA,NA,NA,NA,NA,NA,NA
"151","DET","DET","MIA",NA,NA,NA,NA,NA,NA
"152","SFN","SFN","SFN","SFN","SFN",NA,NA,NA,NA
"153","TEX","TEX","TEX","TEX","TEX",NA,NA,NA,NA
"154","NYN","SFN","SLN","SLN","NYA","NYA",NA,NA,NA
"155","TEX",NA,NA,NA,NA,NA,NA,NA,NA
"156","DET","DET","DET","SDN","SDN",NA,NA,NA,NA
"157","MIN",NA,NA,NA,NA,NA,NA,NA,NA
"158","BAL","ARI",NA,NA,NA,NA,NA,NA,NA
"159","CHN",NA,NA,NA,NA,NA,NA,NA,NA
"160","COL","COL",NA,NA,NA,NA,NA,NA,NA
"161","BAL","BAL","CHN",NA,NA,NA,NA,NA,NA
"162","SLN","SLN","TEX",NA,NA,NA,NA,NA,NA
"163","WAS","WAS","WAS","PHI","CIN","LAN",NA,NA,NA
"164","MIN","MIN","MIN",NA,NA,NA,NA,NA,NA
"165","DET","BOS","BAL","CHN",NA,NA,NA,NA,NA
"166","NYA","NYA","NYA","NYA",NA,NA,NA,NA,NA
"167","COL","COL","COL","COL",NA,NA,NA,NA,NA
"168","MIL","KCA","MIL",NA,NA,NA,NA,NA,NA
"169","KCA","DET","BAL","BAL",NA,NA,NA,NA,NA
"170","ATL","ATL","ATL",NA,NA,NA,NA,NA,NA
"171","COL","COL","COL",NA,NA,NA,NA,NA,NA
"172","BOS","BOS",NA,NA,NA,NA,NA,NA,NA
"173","MIL","MIL","MIL","BOS",NA,NA,NA,NA,NA
"174","COL","OAK","NYA",NA,NA,NA,NA,NA,NA
"175","LAN","LAN","LAN","PHI",NA,NA,NA,NA,NA
"176","NYA",NA,NA,NA,NA,NA,NA,NA,NA
"177","WAS","HOU",NA,NA,NA,NA,NA,NA,NA
"178","COL","COL","COL","COL","COL",NA,NA,NA,NA
"179","MIN","MIN",NA,NA,NA,NA,NA,NA,NA
"180","SFN","OAK","HOU","TEX",NA,NA,NA,NA,NA
"181","PIT","NYN","NYN",NA,NA,NA,NA,NA,NA
"182","OAK",NA,NA,NA,NA,NA,NA,NA,NA
"183","LAN",NA,NA,NA,NA,NA,NA,NA,NA
"184","TEX","PHI","PHI",NA,NA,NA,NA,NA,NA
"185","SFN","SFN","SFN","SFN",NA,NA,NA,NA,NA
"186","ARI","ARI","TOR","SEA",NA,NA,NA,NA,NA
"187","SDN","SDN","SDN","SDN","OAK","TEX",NA,NA,NA
"188","PHI","PHI","LAN","LAA","KCA","PIT",NA,NA,NA
"189","SLN","MIL","MIL",NA,NA,NA,NA,NA,NA
"190","OAK","OAK","OAK","WAS","NYN",NA,NA,NA,NA
"191","ARI","ARI","ARI","SEA","SEA",NA,NA,NA,NA
"192","ARI","ARI",NA,NA,NA,NA,NA,NA,NA
"193","SFN","SFN",NA,NA,NA,NA,NA,NA,NA
"194","DET","DET","NYA","LAA","CIN",NA,NA,NA,NA
"195","BOS","BOS","BOS",NA,NA,NA,NA,NA,NA
"196","MIL",NA,NA,NA,NA,NA,NA,NA,NA
"197","SLN","SLN","SLN","COL",NA,NA,NA,NA,NA
"198","HOU","HOU","CHN","PHI",NA,NA,NA,NA,NA
"199","ARI","LAN",NA,NA,NA,NA,NA,NA,NA
"200","SEA","DET",NA,NA,NA,NA,NA,NA,NA
"201","FLO","MIA","TOR","KCA","CHN","ATL","CHA",NA,NA
"202","TEX",NA,NA,NA,NA,NA,NA,NA,NA
"203","NYA",NA,NA,NA,NA,NA,NA,NA,NA
"204","TEX","TEX","CHN",NA,NA,NA,NA,NA,NA
"205","ATL","ATL","CHN",NA,NA,NA,NA,NA,NA
"206","LAA",NA,NA,NA,NA,NA,NA,NA,NA
"207","HOU","KCA","TBA","CIN","CIN",NA,NA,NA,NA
"208","LAA","LAA","LAA","SLN","SLN",NA,NA,NA,NA
"209","MIA","MIA",NA,NA,NA,NA,NA,NA,NA
"210","HOU","ATL","ATL","CLE","CLE","CLE","ATL",NA,NA
"211","BOS","BOS","CHN","CHN",NA,NA,NA,NA,NA
"212","PIT","PHI",NA,NA,NA,NA,NA,NA,NA
"213","SDN","SDN","TBA","TBA",NA,NA,NA,NA,NA
"214","TOR","DET",NA,NA,NA,NA,NA,NA,NA
"215","NYN","SDN","MIN",NA,NA,NA,NA,NA,NA
"216","SDN","SDN","SDN","BAL","BAL",NA,NA,NA,NA
"217","ARI",NA,NA,NA,NA,NA,NA,NA,NA
"218","NYA",NA,NA,NA,NA,NA,NA,NA,NA
"219","MIL",NA,NA,NA,NA,NA,NA,NA,NA
"220","OAK",NA,NA,NA,NA,NA,NA,NA,NA
"221","ARI",NA,NA,NA,NA,NA,NA,NA,NA
"222","BOS","BOS","BOS",NA,NA,NA,NA,NA,NA
"223","SEA",NA,NA,NA,NA,NA,NA,NA,NA
"224","CLE","CLE","CLE","CLE","CLE",NA,NA,NA,NA
"225","MIA","MIA","CHA",NA,NA,NA,NA,NA,NA
"226","ARI","LAA",NA,NA,NA,NA,NA,NA,NA
"227","LAA",NA,NA,NA,NA,NA,NA,NA,NA
"228","MIL","MIL","MIL","MIL","MIL",NA,NA,NA,NA
"229","CIN","CIN",NA,NA,NA,NA,NA,NA,NA
"230","ARI",NA,NA,NA,NA,NA,NA,NA,NA
"231","BOS",NA,NA,NA,NA,NA,NA,NA,NA
"232","OAK","ARI","BOS","BOS","BOS","BOS",NA,NA,NA
"233","TBA",NA,NA,NA,NA,NA,NA,NA,NA
"234","ARI",NA,NA,NA,NA,NA,NA,NA,NA
"235","ATL",NA,NA,NA,NA,NA,NA,NA,NA
"236","TBA","TBA","COL","NYA","PHI","MIA",NA,NA,NA
"237","ARI",NA,NA,NA,NA,NA,NA,NA,NA
"238","BOS","BOS",NA,NA,NA,NA,NA,NA,NA
"239","BAL","BAL","BAL","BAL","BAL",NA,NA,NA,NA
"240","SFN",NA,NA,NA,NA,NA,NA,NA,NA
"241","WAS",NA,NA,NA,NA,NA,NA,NA,NA
"242","KCA","KCA","OAK",NA,NA,NA,NA,NA,NA
"243","COL","COL","COL","COL","COL",NA,NA,NA,NA
"244","SLN","COL","NYN","NYN",NA,NA,NA,NA,NA
"245","SLN",NA,NA,NA,NA,NA,NA,NA,NA
"246","COL","COL",NA,NA,NA,NA,NA,NA,NA
"247","WAS","WAS","WAS","BOS",NA,NA,NA,NA,NA
"248","PHI","PHI","PHI","PHI","PHI",NA,NA,NA,NA
"249","PIT",NA,NA,NA,NA,NA,NA,NA,NA
"250","SFN",NA,NA,NA,NA,NA,NA,NA,NA
"251","MIA",NA,NA,NA,NA,NA,NA,NA,NA
"252","SFN",NA,NA,NA,NA,NA,NA,NA,NA
"253","LAN","KCA","CIN","CIN","CIN","MIL","MIL","SLN",NA
"254","PIT",NA,NA,NA,NA,NA,NA,NA,NA
"255","CIN","CIN","CIN","CIN","CIN",NA,NA,NA,NA
"256","PHI",NA,NA,NA,NA,NA,NA,NA,NA
"257","CHA","CHA",NA,NA,NA,NA,NA,NA,NA
"258","CHN",NA,NA,NA,NA,NA,NA,NA,NA
"259","PHI","PHI",NA,NA,NA,NA,NA,NA,NA
"260","HOU","HOU",NA,NA,NA,NA,NA,NA,NA
"261","BOS","BOS","BOS","BOS","BOS",NA,NA,NA,NA
"262","NYN",NA,NA,NA,NA,NA,NA,NA,NA
"263","ATL",NA,NA,NA,NA,NA,NA,NA,NA
"264","FLO","MIA","NYN","PIT","SEA","LAA",NA,NA,NA
"265","LAA","SDN",NA,NA,NA,NA,NA,NA,NA
"266","CLE","HOU",NA,NA,NA,NA,NA,NA,NA
"267","CHA","MIA","TOR","TOR","TOR",NA,NA,NA,NA
"268","KCA","KCA","KCA",NA,NA,NA,NA,NA,NA
"269","FLO","TBA",NA,NA,NA,NA,NA,NA,NA
"270","LAA",NA,NA,NA,NA,NA,NA,NA,NA
"271","SFN","SFN","SFN","SFN","SFN",NA,NA,NA,NA
"272","BAL",NA,NA,NA,NA,NA,NA,NA,NA
"273","NYA","ATL",NA,NA,NA,NA,NA,NA,NA
"274","ARI",NA,NA,NA,NA,NA,NA,NA,NA
"275","MIL",NA,NA,NA,NA,NA,NA,NA,NA
"276","NYN",NA,NA,NA,NA,NA,NA,NA,NA
"277","NYA","PIT","PIT","PHI","PIT",NA,NA,NA,NA
"278","MIN","MIN","BAL","CHN",NA,NA,NA,NA,NA
"279","WAS","WAS","LAA","LAA",NA,NA,NA,NA,NA
"280","OAK","OAK",NA,NA,NA,NA,NA,NA,NA
"281","SDN","TEX",NA,NA,NA,NA,NA,NA,NA
"282","PIT",NA,NA,NA,NA,NA,NA,NA,NA
"283","SFN",NA,NA,NA,NA,NA,NA,NA,NA
"284","SFN","SFN","WAS",NA,NA,NA,NA,NA,NA
"285","ARI","MIN",NA,NA,NA,NA,NA,NA,NA
"286","CIN","MIN","MIN","MIN",NA,NA,NA,NA,NA
"287","TEX","TOR",NA,NA,NA,NA,NA,NA,NA
"288","LAN",NA,NA,NA,NA,NA,NA,NA,NA
"289","MIN","MIN","MIN","LAN","LAN","LAA","KCA",NA,NA
"290","KCA","KCA","KCA","KCA","OAK",NA,NA,NA,NA
"291","BOS",NA,NA,NA,NA,NA,NA,NA,NA
"292","COL","COL",NA,NA,NA,NA,NA,NA,NA
"293","TEX","SLN","TBA",NA,NA,NA,NA,NA,NA
"294","SLN","SLN",NA,NA,NA,NA,NA,NA,NA
"295","MIN",NA,NA,NA,NA,NA,NA,NA,NA
"296","NYN","NYN","NYN",NA,NA,NA,NA,NA,NA
"297","CHN","CHN","BOS","NYN","PIT","PHI","CIN","SFN",NA
"298","NYA","NYA","BAL",NA,NA,NA,NA,NA,NA
"299","CHN","CHN",NA,NA,NA,NA,NA,NA,NA
"300","CLE","CLE","CLE","CLE","WAS","TBA",NA,NA,NA
"301","COL",NA,NA,NA,NA,NA,NA,NA,NA
"302","SDN","SDN","SDN","SDN","BAL",NA,NA,NA,NA
"303","KCA","SFN","TOR","TOR","CHA",NA,NA,NA,NA
"304","DET","DET","DET","DET","DET",NA,NA,NA,NA
"305","CLE","SFN",NA,NA,NA,NA,NA,NA,NA
"306","CIN",NA,NA,NA,NA,NA,NA,NA,NA
"307","OAK","ARI","ARI","ARI","ATL","CHN",NA,NA,NA
"308","KCA","KCA","KCA","KCA","KCA",NA,NA,NA,NA
"309","SFN","SFN","SFN","SFN","SFN",NA,NA,NA,NA
"310","CIN","CIN",NA,NA,NA,NA,NA,NA,NA
"311","LAA","LAA","LAA","LAA",NA,NA,NA,NA,NA
"312","KCA",NA,NA,NA,NA,NA,NA,NA,NA
"313","LAA","LAA","LAA","OAK","OAK","ATL","LAN",NA,NA
"314","BOS","FLO",NA,NA,NA,NA,NA,NA,NA
"315","MIA","MIA","PIT",NA,NA,NA,NA,NA,NA
"316","CHN","CHN","ARI","ARI","LAA",NA,NA,NA,NA
"317","NYN","NYN",NA,NA,NA,NA,NA,NA,NA
"318","SDN","SDN",NA,NA,NA,NA,NA,NA,NA
"319","TOR","CHN","CHN","PHI",NA,NA,NA,NA,NA
"320","HOU",NA,NA,NA,NA,NA,NA,NA,NA
"321","OAK",NA,NA,NA,NA,NA,NA,NA,NA
"322","NYA","NYA","NYA","SEA","SEA",NA,NA,NA,NA
"323","SDN",NA,NA,NA,NA,NA,NA,NA,NA
"324","TBA","CLE",NA,NA,NA,NA,NA,NA,NA
"325","SEA","SEA","MIA","MIA",NA,NA,NA,NA,NA
"326","MIN","MIN",NA,NA,NA,NA,NA,NA,NA
"327","NYN","LAN","LAN","BOS","NYA","NYA",NA,NA,NA
"328","CHN",NA,NA,NA,NA,NA,NA,NA,NA
"329","OAK","OAK",NA,NA,NA,NA,NA,NA,NA
"330","CLE",NA,NA,NA,NA,NA,NA,NA,NA
"331","NYA","NYN","NYN",NA,NA,NA,NA,NA,NA
"332","CLE","CLE","TBA","PHI","LAN","HOU",NA,NA,NA
"333","PHI","SDN","TOR",NA,NA,NA,NA,NA,NA
"334","SLN","SLN",NA,NA,NA,NA,NA,NA,NA
"335","CHN","BOS",NA,NA,NA,NA,NA,NA,NA
"336","HOU","HOU","TOR","ATL","ATL","NYA","WAS",NA,NA
"337","LAA","LAA","LAA","ATL",NA,NA,NA,NA,NA
"338","SLN","SLN","SLN","SLN","SLN",NA,NA,NA,NA
"339","SEA","SEA","BOS","BOS","TEX",NA,NA,NA,NA
"340","CLE","CLE","CLE","CLE",NA,NA,NA,NA,NA
"341","NYN","NYN",NA,NA,NA,NA,NA,NA,NA
"342","CLE","CLE","PHI","CLE","DET","TOR",NA,NA,NA
"343","TOR","TOR",NA,NA,NA,NA,NA,NA,NA
"344","MIL","WAS",NA,NA,NA,NA,NA,NA,NA
"345","LAN","MIN","MIN","KCA",NA,NA,NA,NA,NA
"346","CHA","CHA",NA,NA,NA,NA,NA,NA,NA
"347","MIN","CLE",NA,NA,NA,NA,NA,NA,NA
"348","NYN","NYN",NA,NA,NA,NA,NA,NA,NA
"349","OAK","OAK","HOU","HOU","HOU",NA,NA,NA,NA
"350","TBA","TBA",NA,NA,NA,NA,NA,NA,NA
"351","CHN","SDN","SDN","SDN","SDN",NA,NA,NA,NA
"352","MIN","MIN","BAL","BAL",NA,NA,NA,NA,NA
"353","LAA","LAA",NA,NA,NA,NA,NA,NA,NA
"354","LAN","LAN",NA,NA,NA,NA,NA,NA,NA
"355","DET","DET","DET",NA,NA,NA,NA,NA,NA
"356","ARI",NA,NA,NA,NA,NA,NA,NA,NA
"357","CHN",NA,NA,NA,NA,NA,NA,NA,NA
"358","BOS","BOS",NA,NA,NA,NA,NA,NA,NA
"359","CHN","CHN","CHN","CHN","CHN","SEA","ARI",NA,NA
"360","OAK",NA,NA,NA,NA,NA,NA,NA,NA
"361","ATL",NA,NA,NA,NA,NA,NA,NA,NA
"362","HOU","HOU","HOU","HOU",NA,NA,NA,NA,NA
"363","LAN",NA,NA,NA,NA,NA,NA,NA,NA
"364","TOR","COL",NA,NA,NA,NA,NA,NA,NA
"365","CHA",NA,NA,NA,NA,NA,NA,NA,NA
"366","CHA","COL",NA,NA,NA,NA,NA,NA,NA
"367","CHN","CHN","CHN","CHN","CHN",NA,NA,NA,NA
"368","BOS","BOS",NA,NA,NA,NA,NA,NA,NA
"369","TOR","TOR","TOR","TOR","TOR",NA,NA,NA,NA
"370","NYN",NA,NA,NA,NA,NA,NA,NA,NA
"371","FLO",NA,NA,NA,NA,NA,NA,NA,NA
"372","PIT","NYN","HOU","SDN","PHI",NA,NA,NA,NA
"373","HOU","HOU","HOU","WAS","WAS","WAS","TBA",NA,NA
"374","NYN","NYN","MIL",NA,NA,NA,NA,NA,NA
"375","NYA","NYA","NYA","NYA","PIT",NA,NA,NA,NA
"376","OAK","OAK","OAK","BOS","DET","NYN",NA,NA,NA
"377","COL","COL","COL","COL","ARI",NA,NA,NA,NA
"378","ARI","ARI",NA,NA,NA,NA,NA,NA,NA
"379","SLN","SLN","SLN",NA,NA,NA,NA,NA,NA
"380","NYA","NYA","NYA","DET","DET","KCA",NA,NA,NA
"381","CIN","CIN","CIN","CIN","CIN",NA,NA,NA,NA
"382","CHN",NA,NA,NA,NA,NA,NA,NA,NA
"383","HOU","HOU","HOU",NA,NA,NA,NA,NA,NA
"384","LAA","COL","COL","COL",NA,NA,NA,NA,NA
"385","TEX","BAL","SEA","SEA",NA,NA,NA,NA,NA
"386","NYA","NYA","ARI","ARI",NA,NA,NA,NA,NA
"387","KCA","TOR","OAK","OAK","OAK","OAK",NA,NA,NA
"388","KCA","KCA","KCA","KCA","CLE",NA,NA,NA,NA
"389","BAL","BAL","BAL","BAL",NA,NA,NA,NA,NA
"390","TBA","TEX","TEX","TEX",NA,NA,NA,NA,NA
"391","CLE","CLE","CLE","CLE","CLE",NA,NA,NA,NA
"392","FLO","MIA","LAN","SLN","SLN","SLN",NA,NA,NA
"393","OAK","TEX","TEX",NA,NA,NA,NA,NA,NA
"394","CLE","CLE","CIN","TEX","TEX",NA,NA,NA,NA
"395","SFN","SFN",NA,NA,NA,NA,NA,NA,NA
"396","CIN","CIN",NA,NA,NA,NA,NA,NA,NA
"397","MIL",NA,NA,NA,NA,NA,NA,NA,NA
"398","CIN","CIN","CIN","CIN",NA,NA,NA,NA,NA
"399","PIT","BOS","BOS","SDN","KCA","KCA","ATL",NA,NA
"400","FLO","MIA","MIA","MIA","MIA","SLN",NA,NA,NA
"401","HOU","HOU",NA,NA,NA,NA,NA,NA,NA
"402","NYA","NYA",NA,NA,NA,NA,NA,NA,NA
"403","HOU",NA,NA,NA,NA,NA,NA,NA,NA
"404","MIL",NA,NA,NA,NA,NA,NA,NA,NA
"405","BAL",NA,NA,NA,NA,NA,NA,NA,NA
"406","TEX","TEX",NA,NA,NA,NA,NA,NA,NA
"407","PIT",NA,NA,NA,NA,NA,NA,NA,NA
"408","HOU","HOU",NA,NA,NA,NA,NA,NA,NA
"409","SLN","SLN","SLN","CHA",NA,NA,NA,NA,NA
"410","CHN","CHN","CHN","BAL","BAL","BAL",NA,NA,NA
"411","WAS","WAS","WAS","WAS","OAK","NYN",NA,NA,NA
"412","PHI","PHI",NA,NA,NA,NA,NA,NA,NA
"413","TBA","TBA","TBA","TBA",NA,NA,NA,NA,NA
"414","TOR","LAA",NA,NA,NA,NA,NA,NA,NA
"415","WAS","LAN",NA,NA,NA,NA,NA,NA,NA
"416","FLO","MIA","MIA","CHN","CHN",NA,NA,NA,NA
"417","DET","DET","DET","DET","CHN","TOR",NA,NA,NA
"418","MIN","MIN","TOR",NA,NA,NA,NA,NA,NA
"419","WAS",NA,NA,NA,NA,NA,NA,NA,NA
"420","PIT","PIT","PIT",NA,NA,NA,NA,NA,NA
"421","CHN","CHN","KCA",NA,NA,NA,NA,NA,NA
"422","KCA",NA,NA,NA,NA,NA,NA,NA,NA
"423","KCA","KCA","KCA","KCA","KCA",NA,NA,NA,NA
"424","KCA","KCA","KCA","KCA",NA,NA,NA,NA,NA
"425","DET","DET",NA,NA,NA,NA,NA,NA,NA
"426","ARI","ARI","ARI","ARI","ARI",NA,NA,NA,NA
"427","TBA","TBA","TBA",NA,NA,NA,NA,NA,NA
"428","NYA","OAK","OAK","NYN","NYN",NA,NA,NA,NA
"429","KCA","KCA",NA,NA,NA,NA,NA,NA,NA
"430","KCA",NA,NA,NA,NA,NA,NA,NA,NA
"431","CHN","COL","COL","SFN",NA,NA,NA,NA,NA
"432","NYN",NA,NA,NA,NA,NA,NA,NA,NA
"433","LAA","LAA","LAA","LAA","HOU",NA,NA,NA,NA
"434","MIA",NA,NA,NA,NA,NA,NA,NA,NA
"435","ATL","MIL","TBA","SDN",NA,NA,NA,NA,NA
"436","ATL","ATL","ATL","ATL",NA,NA,NA,NA,NA
"437","CIN","CIN",NA,NA,NA,NA,NA,NA,NA
"438","PHI","PHI","PIT",NA,NA,NA,NA,NA,NA
"439","COL","BOS",NA,NA,NA,NA,NA,NA,NA
"440","ARI","OAK","OAK","OAK","OAK","BOS",NA,NA,NA
"441","SLN",NA,NA,NA,NA,NA,NA,NA,NA
"442","TOR","TOR",NA,NA,NA,NA,NA,NA,NA
"443","TOR",NA,NA,NA,NA,NA,NA,NA,NA
"444","WAS",NA,NA,NA,NA,NA,NA,NA,NA
"445","ARI","ARI","ARI",NA,NA,NA,NA,NA,NA
"446","CIN",NA,NA,NA,NA,NA,NA,NA,NA
"447","CIN","TOR","HOU",NA,NA,NA,NA,NA,NA
"448","SFN","MIA",NA,NA,NA,NA,NA,NA,NA
"449","LAN",NA,NA,NA,NA,NA,NA,NA,NA
"450","ATL",NA,NA,NA,NA,NA,NA,NA,NA
"451","CHN","COL",NA,NA,NA,NA,NA,NA,NA
"452","HOU","HOU","HOU","HOU","TEX",NA,NA,NA,NA
"453","HOU",NA,NA,NA,NA,NA,NA,NA,NA
"454","PIT","PIT","MIN","MIN","LAN","PHI",NA,NA,NA
"455","SEA",NA,NA,NA,NA,NA,NA,NA,NA
"456","HOU","HOU","MIA","MIA",NA,NA,NA,NA,NA
"457","CIN",NA,NA,NA,NA,NA,NA,NA,NA
"458","NYA",NA,NA,NA,NA,NA,NA,NA,NA
"459","TEX","TEX","MIL","MIN",NA,NA,NA,NA,NA
"460","LAN","LAN","OAK",NA,NA,NA,NA,NA,NA
"461","MIL",NA,NA,NA,NA,NA,NA,NA,NA
"462","FLO","MIA","LAA",NA,NA,NA,NA,NA,NA
"463","LAA",NA,NA,NA,NA,NA,NA,NA,NA
"464","ARI","OAK","NYN","LAA","LAA","LAA",NA,NA,NA
"465","CIN","CIN","CIN","CIN","CIN",NA,NA,NA,NA
"466","SLN","SLN","SLN","SLN","BOS","BOS",NA,NA,NA
"467","CHA","CHA","CHA",NA,NA,NA,NA,NA,NA
"468","OAK",NA,NA,NA,NA,NA,NA,NA,NA
"469","MIL",NA,NA,NA,NA,NA,NA,NA,NA
"470","SFN","SFN","SFN","SFN","SFN",NA,NA,NA,NA
"471","BOS","BOS","LAN","LAN","LAN",NA,NA,NA,NA
"472","TOR",NA,NA,NA,NA,NA,NA,NA,NA
"473","OAK","OAK","OAK","OAK","OAK",NA,NA,NA,NA
"474","CLE","CLE",NA,NA,NA,NA,NA,NA,NA
"475","LAA","LAA",NA,NA,NA,NA,NA,NA,NA
"476","DET",NA,NA,NA,NA,NA,NA,NA,NA
"477","PIT",NA,NA,NA,NA,NA,NA,NA,NA
"478","KCA","KCA","KCA","KCA",NA,NA,NA,NA,NA
"479","CLE","HOU",NA,NA,NA,NA,NA,NA,NA
"480","TBA","PIT",NA,NA,NA,NA,NA,NA,NA
"481","LAN","LAN","NYA",NA,NA,NA,NA,NA,NA
"482","TEX","TEX","TEX","BAL","SEA",NA,NA,NA,NA
"483","HOU","HOU",NA,NA,NA,NA,NA,NA,NA
"484","SLN","SLN","SLN","SLN","SLN",NA,NA,NA,NA
"485","MIN","COL","COL","COL","NYN",NA,NA,NA,NA
"486","CIN","CIN","CIN","CIN","CIN","KCA",NA,NA,NA
"487","SFN","COL","COL",NA,NA,NA,NA,NA,NA
"488","PIT","PIT",NA,NA,NA,NA,NA,NA,NA
"489","SDN","CLE",NA,NA,NA,NA,NA,NA,NA
"490","ATL",NA,NA,NA,NA,NA,NA,NA,NA
"491","ATL","ATL",NA,NA,NA,NA,NA,NA,NA
"492","SLN",NA,NA,NA,NA,NA,NA,NA,NA
"493","SEA",NA,NA,NA,NA,NA,NA,NA,NA
"494","KCA",NA,NA,NA,NA,NA,NA,NA,NA
"495","COL","NYA","NYA",NA,NA,NA,NA,NA,NA
"496","TBA","CLE",NA,NA,NA,NA,NA,NA,NA
"497","CHA","CHA","CHA","CHA","CHA",NA,NA,NA,NA
"498","CHA","CHA","CHA","PHI",NA,NA,NA,NA,NA
"499","PIT","PIT","PIT","PHI",NA,NA,NA,NA,NA
"500","NYN","NYN","NYN",NA,NA,NA,NA,NA,NA
"501","SDN","SDN",NA,NA,NA,NA,NA,NA,NA
"502","MIN",NA,NA,NA,NA,NA,NA,NA,NA
"503","TEX","TEX","TEX",NA,NA,NA,NA,NA,NA
"504","ARI",NA,NA,NA,NA,NA,NA,NA,NA
"505","KCA","NYA",NA,NA,NA,NA,NA,NA,NA
"506","MIL",NA,NA,NA,NA,NA,NA,NA,NA
"507","BAL",NA,NA,NA,NA,NA,NA,NA,NA
"508","TEX","BAL","BAL","BAL","BAL","BAL",NA,NA,NA
"509","CHN",NA,NA,NA,NA,NA,NA,NA,NA
"510","WAS",NA,NA,NA,NA,NA,NA,NA,NA
"511","NYN","NYN","NYN","NYN","PIT","OAK",NA,NA,NA
"512","MIL","MIL","MIL",NA,NA,NA,NA,NA,NA
"513","TOR","TOR","TOR","DET","DET",NA,NA,NA,NA
"514","TBA","TBA","KCA","KCA","KCA",NA,NA,NA,NA
"515","CHA","CHA","CHA","CHA","BAL","BAL","BOS","SFN",NA
"516","SDN",NA,NA,NA,NA,NA,NA,NA,NA
"517","SDN","PIT","PIT",NA,NA,NA,NA,NA,NA
"518","SDN","MIN","MIN","MIN","HOU","HOU",NA,NA,NA
"519","PHI","PHI","PHI","PHI","PHI",NA,NA,NA,NA
"520","NYN","NYN",NA,NA,NA,NA,NA,NA,NA
"521","OAK","CHN","CHN","WAS","TBA","TBA","TBA","LAA",NA
"522","LAN","LAN","BOS","CIN",NA,NA,NA,NA,NA
"523","SEA","SEA","TOR","TOR","TOR","TOR",NA,NA,NA
"524","MIL",NA,NA,NA,NA,NA,NA,NA,NA
"525","TBA",NA,NA,NA,NA,NA,NA,NA,NA
"526","TBA","TBA","LAA","LAA",NA,NA,NA,NA,NA
"527","ARI","ARI",NA,NA,NA,NA,NA,NA,NA
"528","COL","COL","COL","COL","COL",NA,NA,NA,NA
"529","LAN","LAN","BOS","BOS","ARI",NA,NA,NA,NA
"530","BOS",NA,NA,NA,NA,NA,NA,NA,NA
"531","HOU","HOU",NA,NA,NA,NA,NA,NA,NA
"532","ATL","ATL","ARI","ARI","ARI",NA,NA,NA,NA
"533","WAS",NA,NA,NA,NA,NA,NA,NA,NA
"534","OAK","OAK",NA,NA,NA,NA,NA,NA,NA
"535","HOU","HOU",NA,NA,NA,NA,NA,NA,NA
"536","ARI","ARI",NA,NA,NA,NA,NA,NA,NA
"537","CHN","CHN","TEX","BOS",NA,NA,NA,NA,NA
"538","NYN","NYN","WAS",NA,NA,NA,NA,NA,NA
"539","CIN",NA,NA,NA,NA,NA,NA,NA,NA
"540","SDN","SDN","SDN","SDN","SEA","CHN",NA,NA,NA
"541","NYA",NA,NA,NA,NA,NA,NA,NA,NA
"542","SFN","WAS","TOR",NA,NA,NA,NA,NA,NA
"543","SLN","SLN","SLN","SLN","COL",NA,NA,NA,NA
"544","MIA","CIN",NA,NA,NA,NA,NA,NA,NA
"545","TEX",NA,NA,NA,NA,NA,NA,NA,NA
"546","WAS","WAS","WAS","WAS","WAS",NA,NA,NA,NA
"547","SDN","SDN",NA,NA,NA,NA,NA,NA,NA
"548","WAS","WAS","WAS","WAS","TEX","ATL",NA,NA,NA
"549","OAK",NA,NA,NA,NA,NA,NA,NA,NA
"550","MIN","MIN",NA,NA,NA,NA,NA,NA,NA
"551","CHN","CHN","ATL",NA,NA,NA,NA,NA,NA
"552","MIN","MIN","MIN",NA,NA,NA,NA,NA,NA
"553","PIT",NA,NA,NA,NA,NA,NA,NA,NA
"554","LAA","COL",NA,NA,NA,NA,NA,NA,NA
"555","BOS","TOR","TOR",NA,NA,NA,NA,NA,NA
"556","CLE",NA,NA,NA,NA,NA,NA,NA,NA
"557","CIN","CIN",NA,NA,NA,NA,NA,NA,NA
"558","PIT","ATL","ATL","MIA",NA,NA,NA,NA,NA
"559","SDN",NA,NA,NA,NA,NA,NA,NA,NA
"560","NYA","NYA","BAL","CLE",NA,NA,NA,NA,NA
"561","COL","COL","COL",NA,NA,NA,NA,NA,NA
"562","NYN","NYN","TOR","TOR","TOR",NA,NA,NA,NA
"563","SLN","SLN",NA,NA,NA,NA,NA,NA,NA
"564","PHI","PHI","PHI","PHI","TEX",NA,NA,NA,NA
"565","MIA","MIA","MIA",NA,NA,NA,NA,NA,NA
"566","MIL",NA,NA,NA,NA,NA,NA,NA,NA
"567","WAS",NA,NA,NA,NA,NA,NA,NA,NA
"568","MIL","MIL",NA,NA,NA,NA,NA,NA,NA
"569","MIN",NA,NA,NA,NA,NA,NA,NA,NA
"570","DET","DET","DET",NA,NA,NA,NA,NA,NA
"571","FLO","MIA","MIA","MIA","WAS",NA,NA,NA,NA
"572","CHN","CHN","CHN",NA,NA,NA,NA,NA,NA
"573","SFN","CIN",NA,NA,NA,NA,NA,NA,NA
"574","LAN","LAN","TBA",NA,NA,NA,NA,NA,NA
"575","FLO","HOU","HOU","HOU",NA,NA,NA,NA,NA
"576","CLE","CLE",NA,NA,NA,NA,NA,NA,NA
"577","OAK","OAK","OAK","TOR",NA,NA,NA,NA,NA
"578","OAK","OAK","OAK","OAK",NA,NA,NA,NA,NA
"579","ARI",NA,NA,NA,NA,NA,NA,NA,NA
"580","TOR","SLN","DET","DET",NA,NA,NA,NA,NA
"581","BOS","BOS","BOS","BOS","CHN","TOR","OAK",NA,NA
"582","PIT","MIN","MIN","ATL",NA,NA,NA,NA,NA
"583","DET","DET","HOU",NA,NA,NA,NA,NA,NA
"584","HOU","HOU",NA,NA,NA,NA,NA,NA,NA
"585","LAA","LAA","LAA","ATL","CHA","KCA",NA,NA,NA
"586","MIN","MIN","MIN","MIN",NA,NA,NA,NA,NA
"587","TOR","TOR","TOR","TOR","CHA",NA,NA,NA,NA
"588","BAL",NA,NA,NA,NA,NA,NA,NA,NA
"589","BOS",NA,NA,NA,NA,NA,NA,NA,NA
"590","ARI","ARI","OAK","BOS","BOS","NYA","NYA",NA,NA
"591","ARI",NA,NA,NA,NA,NA,NA,NA,NA
"592","NYN","NYN","NYN","NYN","NYN",NA,NA,NA,NA
"593","MIN","MIN","MIN","MIN","MIN",NA,NA,NA,NA
"594","MIN",NA,NA,NA,NA,NA,NA,NA,NA
"595","KCA","KCA","KCA","KCA","KCA",NA,NA,NA,NA
"596","SFN","SFN",NA,NA,NA,NA,NA,NA,NA
"597","HOU",NA,NA,NA,NA,NA,NA,NA,NA
"598","ARI","WAS","WAS","CIN","MIL","CHA",NA,NA,NA
"599","OAK",NA,NA,NA,NA,NA,NA,NA,NA
"600","MIN",NA,NA,NA,NA,NA,NA,NA,NA
"601","CLE","CLE","TBA",NA,NA,NA,NA,NA,NA
"602","CHA","CHA","CHA","CHA","OAK",NA,NA,NA,NA
"603","SFN","SFN",NA,NA,NA,NA,NA,NA,NA
"604","FLO","MIA","MIA","MIA","MIA",NA,NA,NA,NA
"605","HOU",NA,NA,NA,NA,NA,NA,NA,NA
"606","CLE","ATL","PHI",NA,NA,NA,NA,NA,NA
"607","SFN","CIN",NA,NA,NA,NA,NA,NA,NA
"608","KCA",NA,NA,NA,NA,NA,NA,NA,NA
"609","TBA",NA,NA,NA,NA,NA,NA,NA,NA
"610","KCA","KCA","KCA","KCA","KCA",NA,NA,NA,NA
"611","TOR","MIA","MIA","MIA","TEX",NA,NA,NA,NA
"612","SLN",NA,NA,NA,NA,NA,NA,NA,NA
"613","ARI","ARI","CHA","CHA",NA,NA,NA,NA,NA
"614","NYN","NYN","NYN",NA,NA,NA,NA,NA,NA
"615","SFN","SFN",NA,NA,NA,NA,NA,NA,NA
"616","CHN",NA,NA,NA,NA,NA,NA,NA,NA
"617","TEX","TEX","SDN",NA,NA,NA,NA,NA,NA
"618","NYN",NA,NA,NA,NA,NA,NA,NA,NA
"619","PHI",NA,NA,NA,NA,NA,NA,NA,NA
"620","TBA","COL",NA,NA,NA,NA,NA,NA,NA
"621","LAN","LAN","LAN",NA,NA,NA,NA,NA,NA
"622","DET",NA,NA,NA,NA,NA,NA,NA,NA
"623","SEA","SEA",NA,NA,NA,NA,NA,NA,NA
"624","MIA",NA,NA,NA,NA,NA,NA,NA,NA
"625","LAN","LAN","LAN","LAN","LAN",NA,NA,NA,NA
"626","OAK","COL","LAN","LAN","SLN",NA,NA,NA,NA
"627","BOS","BOS","BOS","NYA","NYA",NA,NA,NA,NA
"628","ARI","HOU","CIN","TBA",NA,NA,NA,NA,NA
"629","LAN","LAN",NA,NA,NA,NA,NA,NA,NA
"630","NYN",NA,NA,NA,NA,NA,NA,NA,NA
"631","TOR","TOR","TOR","TOR","TOR",NA,NA,NA,NA
"632","ARI","LAA","LAA",NA,NA,NA,NA,NA,NA
"633","LAN","LAN","MIA","MIA","MIA","NYA",NA,NA,NA
"634","TEX","NYA","NYA",NA,NA,NA,NA,NA,NA
"635","SDN","SDN","SDN",NA,NA,NA,NA,NA,NA
"636","COL","COL","COL",NA,NA,NA,NA,NA,NA
"637","HOU",NA,NA,NA,NA,NA,NA,NA,NA
"638","KCA","KCA","KCA","KCA","KCA",NA,NA,NA,NA
"639","CHA","CHA","MIN","MIN","MIN","MIN",NA,NA,NA
"640","BOS",NA,NA,NA,NA,NA,NA,NA,NA
"641","TOR","TOR","TBA","TBA","WAS",NA,NA,NA,NA
"642","WAS","WAS","WAS","WAS","WAS",NA,NA,NA,NA
"643","MIL","MIL","MIL","MIL","TOR",NA,NA,NA,NA
"644","LAN","LAN","LAN","LAN","LAN",NA,NA,NA,NA
"645","NYN","ARI",NA,NA,NA,NA,NA,NA,NA
"646","LAN","BAL","NYN","ATL",NA,NA,NA,NA,NA
"647","CLE",NA,NA,NA,NA,NA,NA,NA,NA
"648","BAL",NA,NA,NA,NA,NA,NA,NA,NA
"649","BAL",NA,NA,NA,NA,NA,NA,NA,NA
"650","KCA","KCA","MIL","SDN",NA,NA,NA,NA,NA
"651","NYN","NYN","NYN","NYN",NA,NA,NA,NA,NA
"652","DET","DET",NA,NA,NA,NA,NA,NA,NA
"653","TBA","TBA","TBA","PIT","NYN","HOU",NA,NA,NA
"654","TOR","SEA","SEA","SEA",NA,NA,NA,NA,NA
"655","MIL","MIL",NA,NA,NA,NA,NA,NA,NA
"656","TEX",NA,NA,NA,NA,NA,NA,NA,NA
"657","LAA",NA,NA,NA,NA,NA,NA,NA,NA
"658","LAN","LAN","LAN","LAN",NA,NA,NA,NA,NA
"659","TEX",NA,NA,NA,NA,NA,NA,NA,NA
"660","TEX","TEX","CHN","BAL","HOU","HOU",NA,NA,NA
"661","NYN",NA,NA,NA,NA,NA,NA,NA,NA
"662","HOU",NA,NA,NA,NA,NA,NA,NA,NA
"663","TEX","TEX","TEX","TEX","TEX","DET",NA,NA,NA
"664","MIA","MIA","MIA",NA,NA,NA,NA,NA,NA
"665","DET",NA,NA,NA,NA,NA,NA,NA,NA
"666","SLN","HOU",NA,NA,NA,NA,NA,NA,NA
"667","DET",NA,NA,NA,NA,NA,NA,NA,NA
"668","HOU","HOU","HOU",NA,NA,NA,NA,NA,NA
"669","MIL","DET","DET","TEX","TEX",NA,NA,NA,NA
"670","COL","COL","LAA","TEX",NA,NA,NA,NA,NA
"671","MIN","MIN","MIN","MIN",NA,NA,NA,NA,NA
"672","MIL","MIL","MIL","MIL","MIL","HOU",NA,NA,NA
"673","LAN","LAN","LAN",NA,NA,NA,NA,NA,NA
"674","MIL","MIL",NA,NA,NA,NA,NA,NA,NA
"675","SEA","SEA","LAN",NA,NA,NA,NA,NA,NA
"676","TBA","NYA",NA,NA,NA,NA,NA,NA,NA
"677","HOU",NA,NA,NA,NA,NA,NA,NA,NA
"678","OAK","OAK","TEX",NA,NA,NA,NA,NA,NA
"679","KCA","KCA","CIN",NA,NA,NA,NA,NA,NA
"680","CIN",NA,NA,NA,NA,NA,NA,NA,NA
"681","SEA","DET","DET","DET","WAS","WAS",NA,NA,NA
"682","BAL","BAL","BAL","BAL",NA,NA,NA,NA,NA
"683","COL","COL",NA,NA,NA,NA,NA,NA,NA
"684","WAS","WAS",NA,NA,NA,NA,NA,NA,NA
"685","MIA",NA,NA,NA,NA,NA,NA,NA,NA
"686","NYA",NA,NA,NA,NA,NA,NA,NA,NA
"687","NYN","NYN","NYN",NA,NA,NA,NA,NA,NA
"688","BAL","MIN","MIN","MIN","PIT",NA,NA,NA,NA
"689","CHA","CHA","CHA","CHA","CHA",NA,NA,NA,NA
"690","CHA","CHA","CHA","ATL","CLE",NA,NA,NA,NA
"691","MIA","MIA",NA,NA,NA,NA,NA,NA,NA
"692","HOU","ATL",NA,NA,NA,NA,NA,NA,NA
"693","SFN","PHI",NA,NA,NA,NA,NA,NA,NA
"694","TEX","TEX",NA,NA,NA,NA,NA,NA,NA
"695","SFN",NA,NA,NA,NA,NA,NA,NA,NA
"696","BAL",NA,NA,NA,NA,NA,NA,NA,NA
"697","SLN",NA,NA,NA,NA,NA,NA,NA,NA
"698","SDN","SDN","SDN","TBA","TBA",NA,NA,NA,NA
"699","COL","COL","COL","HOU","CHN",NA,NA,NA,NA
"700","BAL",NA,NA,NA,NA,NA,NA,NA,NA
"701","PHI","TOR","HOU","TBA","NYA",NA,NA,NA,NA
"702","TOR","NYN","NYN","CHA",NA,NA,NA,NA,NA
"703","KCA","COL","COL","CIN","OAK","NYA","TOR",NA,NA
"704","KCA","KCA","KCA","SFN","SDN","PHI",NA,NA,NA
"705","CIN","ATL","ATL","MIL","TOR",NA,NA,NA,NA
"706","PHI","PHI",NA,NA,NA,NA,NA,NA,NA
"707","PHI","PHI","WAS","SFN",NA,NA,NA,NA,NA
"708","SEA","SEA","TBA","TBA",NA,NA,NA,NA,NA
"709","SLN",NA,NA,NA,NA,NA,NA,NA,NA
"710","TOR","CHA","TOR","TEX","TEX","KCA","KCA","ATL",NA
"711","CIN","CIN","CIN","CIN","CIN",NA,NA,NA,NA
"712","ATL","ATL","ATL","ATL","ATL",NA,NA,NA,NA
"713","CIN",NA,NA,NA,NA,NA,NA,NA,NA
"714","SLN","SLN","SLN","TEX",NA,NA,NA,NA,NA
"715","SLN","SLN","SLN","LAA","LAA",NA,NA,NA,NA
"716","OAK","OAK",NA,NA,NA,NA,NA,NA,NA
"717","LAN","LAN",NA,NA,NA,NA,NA,NA,NA
"718","COL","COL","COL",NA,NA,NA,NA,NA,NA
"719","SDN","SDN","LAA","LAA","LAA","PIT","TBA",NA,NA
"720","PIT","PIT","MIN","MIN","MIN",NA,NA,NA,NA
"721","OAK","OAK","SLN",NA,NA,NA,NA,NA,NA
"722","SDN",NA,NA,NA,NA,NA,NA,NA,NA
"723","CHN","CHN","TEX",NA,NA,NA,NA,NA,NA
"724","CHN","CLE","CHA",NA,NA,NA,NA,NA,NA
"725","HOU","SDN",NA,NA,NA,NA,NA,NA,NA
"726","TBA","TBA","TBA","OAK","MIN","OAK","OAK",NA,NA
"727","DET","SEA","SEA","SEA","SEA","SEA",NA,NA,NA
"728","LAN","SLN","SLN","MIA",NA,NA,NA,NA,NA
"729","ARI","HOU",NA,NA,NA,NA,NA,NA,NA
"730","SDN",NA,NA,NA,NA,NA,NA,NA,NA
"731","MIL","MIL","MIL","MIL","TEX",NA,NA,NA,NA
"732","TEX",NA,NA,NA,NA,NA,NA,NA,NA
"733","PHI","PHI","PHI","PHI",NA,NA,NA,NA,NA
"734","MIL","MIL",NA,NA,NA,NA,NA,NA,NA
"735","SDN","SDN",NA,NA,NA,NA,NA,NA,NA
"736","ATL",NA,NA,NA,NA,NA,NA,NA,NA
"737","DET","DET","CHA","CHA","CHA",NA,NA,NA,NA
"738","WAS",NA,NA,NA,NA,NA,NA,NA,NA
"739","NYA","NYA","BAL","ATL",NA,NA,NA,NA,NA
"740","SLN","SLN",NA,NA,NA,NA,NA,NA,NA
"741","SFN","SFN","SFN","SFN","SFN",NA,NA,NA,NA
"742","SLN","SLN","SLN","SLN","SLN",NA,NA,NA,NA
"743","BAL",NA,NA,NA,NA,NA,NA,NA,NA
"744","TEX","CHA","CHA","CHA",NA,NA,NA,NA,NA
"745","PHI","PHI","PHI",NA,NA,NA,NA,NA,NA
"746","LAN",NA,NA,NA,NA,NA,NA,NA,NA
"747","LAN","LAN",NA,NA,NA,NA,NA,NA,NA
"748","NYA","NYA","NYA","NYA","NYA",NA,NA,NA,NA
"749","LAN","COL",NA,NA,NA,NA,NA,NA,NA
"750","COL",NA,NA,NA,NA,NA,NA,NA,NA
"751","COL",NA,NA,NA,NA,NA,NA,NA,NA
"752","NYA",NA,NA,NA,NA,NA,NA,NA,NA
"753","CHN","CHN","CHN","TEX","MIL","MIL",NA,NA,NA
"754","SLN",NA,NA,NA,NA,NA,NA,NA,NA
"755","BOS",NA,NA,NA,NA,NA,NA,NA,NA
"756","ATL","ATL","HOU",NA,NA,NA,NA,NA,NA
"757","CHN",NA,NA,NA,NA,NA,NA,NA,NA
"758","WAS","MIA","SFN",NA,NA,NA,NA,NA,NA
"759","BAL","BAL","BAL",NA,NA,NA,NA,NA,NA
"760","ATL","ATL","ATL","SFN",NA,NA,NA,NA,NA
"761","NYN","NYN","NYN","NYN","NYN",NA,NA,NA,NA
"762","LAA","TBA","TBA",NA,NA,NA,NA,NA,NA
"763","MIL","MIL","MIL",NA,NA,NA,NA,NA,NA
"764","TEX","TEX","TEX","OAK","OAK",NA,NA,NA,NA
"765","TEX",NA,NA,NA,NA,NA,NA,NA,NA
"766","CLE","BOS","CHN","TOR","TEX",NA,NA,NA,NA
"767","NYN","NYN","CHN","COL",NA,NA,NA,NA,NA
"768","KCA","KCA","KCA","TOR",NA,NA,NA,NA,NA
"769","COL","COL","CLE","CLE",NA,NA,NA,NA,NA
"770","KCA","KCA","KCA","KCA","LAA",NA,NA,NA,NA
"771","LAN",NA,NA,NA,NA,NA,NA,NA,NA
"772","MIN","MIN","MIN",NA,NA,NA,NA,NA,NA
"773","PHI","PHI",NA,NA,NA,NA,NA,NA,NA
"774","SFN","SFN","CHA","CHA","CHA","LAA",NA,NA,NA
"775","ARI","SFN","CHN","SEA","TOR","MIA",NA,NA,NA
"776","NYN",NA,NA,NA,NA,NA,NA,NA,NA
"777","SEA","TBA","TBA","TEX","CLE","TEX",NA,NA,NA
"778","LAN","CHA","CHA",NA,NA,NA,NA,NA,NA
"779","MIL","MIL",NA,NA,NA,NA,NA,NA,NA
"780","BAL",NA,NA,NA,NA,NA,NA,NA,NA
"781","TOR",NA,NA,NA,NA,NA,NA,NA,NA
"782","PHI",NA,NA,NA,NA,NA,NA,NA,NA
"783","OAK","OAK",NA,NA,NA,NA,NA,NA,NA
"784","ARI",NA,NA,NA,NA,NA,NA,NA,NA
"785","SDN",NA,NA,NA,NA,NA,NA,NA,NA
"786","NYN","NYN",NA,NA,NA,NA,NA,NA,NA
"787","MIL",NA,NA,NA,NA,NA,NA,NA,NA
"788","TOR","TOR","TOR",NA,NA,NA,NA,NA,NA
"789","ARI","ARI","ARI","ARI","ARI",NA,NA,NA,NA
"790","NYA",NA,NA,NA,NA,NA,NA,NA,NA
"791","TBA","TBA","TBA","TBA","TBA",NA,NA,NA,NA
"792","CIN","WAS","OAK","BOS","BOS","OAK","ATL","KCA",NA
"793","TOR","CLE","CLE","CLE",NA,NA,NA,NA,NA
"794","MIL","MIL","MIL","MIL","MIL","HOU",NA,NA,NA
"795","COL","MIL","MIL",NA,NA,NA,NA,NA,NA
"796","CLE","CLE","PIT","PIT","PHI",NA,NA,NA,NA
"797","BOS",NA,NA,NA,NA,NA,NA,NA,NA
"798","BOS","BOS","LAN","LAN","LAN","LAN",NA,NA,NA
"799","ATL","MIL","MIL","DET",NA,NA,NA,NA,NA
"800","SDN","TEX","CHN","NYA",NA,NA,NA,NA,NA
"801","COL","COL","COL","COL","COL",NA,NA,NA,NA
"802","TEX",NA,NA,NA,NA,NA,NA,NA,NA
"803","COL","HOU","TOR","HOU",NA,NA,NA,NA,NA
"804","DET",NA,NA,NA,NA,NA,NA,NA,NA
"805","OAK","WAS","WAS","WAS","WAS",NA,NA,NA,NA
"806","HOU","HOU","HOU","HOU",NA,NA,NA,NA,NA
"807","SLN","SLN",NA,NA,NA,NA,NA,NA,NA
"808","BAL","TEX","WAS","MIL",NA,NA,NA,NA,NA
"809","BAL","BAL","BAL","BAL",NA,NA,NA,NA,NA
"810","CHA",NA,NA,NA,NA,NA,NA,NA,NA
"811","PHI",NA,NA,NA,NA,NA,NA,NA,NA
"812","PHI",NA,NA,NA,NA,NA,NA,NA,NA
"813","NYA",NA,NA,NA,NA,NA,NA,NA,NA
"814","KCA","KCA","KCA","KCA","KCA",NA,NA,NA,NA
"815","NYA",NA,NA,NA,NA,NA,NA,NA,NA
"816","LAN","LAN","LAN","LAN","MIA",NA,NA,NA,NA
"817","KCA","KCA",NA,NA,NA,NA,NA,NA,NA
"818","WAS","WAS","MIL","MIL","DET",NA,NA,NA,NA
"819","TOR","TOR","TOR","DET",NA,NA,NA,NA,NA
"820","ARI","ARI","ARI",NA,NA,NA,NA,NA,NA
"821","ATL","ATL","ATL","ARI",NA,NA,NA,NA,NA
"822","LAA",NA,NA,NA,NA,NA,NA,NA,NA
"823","CHN",NA,NA,NA,NA,NA,NA,NA,NA
"824","WAS",NA,NA,NA,NA,NA,NA,NA,NA
"825","MIN",NA,NA,NA,NA,NA,NA,NA,NA
"826","ARI",NA,NA,NA,NA,NA,NA,NA,NA
"827","NYA","NYA","NYA","NYN","NYN",NA,NA,NA,NA
"828","SDN","SDN","SDN","LAN",NA,NA,NA,NA,NA
"829","TOR","OAK",NA,NA,NA,NA,NA,NA,NA
"830","CHA","SEA","MIN",NA,NA,NA,NA,NA,NA
"831","COL",NA,NA,NA,NA,NA,NA,NA,NA
"832","OAK","OAK","OAK",NA,NA,NA,NA,NA,NA
"833","MIA",NA,NA,NA,NA,NA,NA,NA,NA
"834","OAK","LAA","LAA","LAA",NA,NA,NA,NA,NA
"835","MIA","MIA",NA,NA,NA,NA,NA,NA,NA
"836","SLN","SLN",NA,NA,NA,NA,NA,NA,NA
"837","MIL",NA,NA,NA,NA,NA,NA,NA,NA
"838","NYA","DET",NA,NA,NA,NA,NA,NA,NA
"839","MIL","MIL",NA,NA,NA,NA,NA,NA,NA
"840","SLN","SLN","HOU","CHA",NA,NA,NA,NA,NA
"841","SDN","SDN","SDN","OAK","HOU",NA,NA,NA,NA
"842","BAL","BAL","CHN","MIA","CIN",NA,NA,NA,NA
"843","CIN","ARI","ARI","NYA",NA,NA,NA,NA,NA
"844","MIL","MIL","LAA","LAN","LAN","LAN",NA,NA,NA
"845","SLN","SLN",NA,NA,NA,NA,NA,NA,NA
"846","OAK","OAK",NA,NA,NA,NA,NA,NA,NA
"847","PIT","PIT","PIT","PIT","LAA","ATL",NA,NA,NA
"848","TEX","TEX","CHN","CHN","CHN",NA,NA,NA,NA
"849","HOU","HOU","HOU",NA,NA,NA,NA,NA,NA
"850","LAA",NA,NA,NA,NA,NA,NA,NA,NA
"851","SEA",NA,NA,NA,NA,NA,NA,NA,NA
"852","LAN","LAN",NA,NA,NA,NA,NA,NA,NA
"853","PIT",NA,NA,NA,NA,NA,NA,NA,NA
"854","LAN","LAN","LAN","CHA","CHA",NA,NA,NA,NA
"855","CHA",NA,NA,NA,NA,NA,NA,NA,NA
"856","LAN","LAN","LAN","CHN","MIN",NA,NA,NA,NA
"857","BAL",NA,NA,NA,NA,NA,NA,NA,NA
"858","DET",NA,NA,NA,NA,NA,NA,NA,NA
"859","CLE","BAL","TBA","MIL",NA,NA,NA,NA,NA
"860","COL",NA,NA,NA,NA,NA,NA,NA,NA
"861","BAL","COL","KCA","KCA","KCA","KCA",NA,NA,NA
"862","SEA","SEA","SEA","SEA",NA,NA,NA,NA,NA
"863","ARI","KCA","LAA","SFN",NA,NA,NA,NA,NA
"864","TBA","TBA","TBA","TBA",NA,NA,NA,NA,NA
"865","TBA",NA,NA,NA,NA,NA,NA,NA,NA
"866","SDN","SDN","SDN","HOU",NA,NA,NA,NA,NA
"867","LAN","LAN","PHI",NA,NA,NA,NA,NA,NA
"868","SDN","SDN","SDN",NA,NA,NA,NA,NA,NA
"869","MIN","SFN",NA,NA,NA,NA,NA,NA,NA
"870","CLE","CLE","NYA",NA,NA,NA,NA,NA,NA
"871","CLE","CLE","CLE","CLE","CLE",NA,NA,NA,NA
"872","ARI",NA,NA,NA,NA,NA,NA,NA,NA
"873","PIT","PIT","TOR",NA,NA,NA,NA,NA,NA
"874","SDN","OAK",NA,NA,NA,NA,NA,NA,NA
"875","WAS","MIL","LAN","LAN",NA,NA,NA,NA,NA
"876","NYN","NYN","CHN","WAS","WAS",NA,NA,NA,NA
"877","ATL","ATL","COL",NA,NA,NA,NA,NA,NA
"878","PHI","PHI","PHI",NA,NA,NA,NA,NA,NA
"879","HOU","SFN","BAL",NA,NA,NA,NA,NA,NA
"880","SFN",NA,NA,NA,NA,NA,NA,NA,NA
"881","SEA",NA,NA,NA,NA,NA,NA,NA,NA
"882","MIL",NA,NA,NA,NA,NA,NA,NA,NA
"883","TEX",NA,NA,NA,NA,NA,NA,NA,NA
"884","PHI","PHI","PHI","PHI","PHI","TEX",NA,NA,NA
"885","CIN","CIN","CIN",NA,NA,NA,NA,NA,NA
"886","TEX","TEX","LAA","LAA","TEX",NA,NA,NA,NA
"887","SLN",NA,NA,NA,NA,NA,NA,NA,NA
"888","COL","BAL","BAL","CHN","OAK","CHN",NA,NA,NA
"889","ARI",NA,NA,NA,NA,NA,NA,NA,NA
"890","NYN",NA,NA,NA,NA,NA,NA,NA,NA
"891","SDN",NA,NA,NA,NA,NA,NA,NA,NA
"892","FLO","MIA","MIA","MIA","MIA",NA,NA,NA,NA
"893","MIL","CIN",NA,NA,NA,NA,NA,NA,NA
"894","CIN","CIN","CIN","TBA","BOS",NA,NA,NA,NA
"895","CLE","CLE","CIN","CIN",NA,NA,NA,NA,NA
"896","PIT","PIT","BOS",NA,NA,NA,NA,NA,NA
"897","ATL","ATL","LAA",NA,NA,NA,NA,NA,NA
"898","HOU","HOU","TOR","TOR","TOR","SEA","PIT",NA,NA
"899","SDN","LAN","SEA","NYN","ATL","PHI",NA,NA,NA
"900","OAK",NA,NA,NA,NA,NA,NA,NA,NA
"901","DET","DET",NA,NA,NA,NA,NA,NA,NA
"902","BAL","BAL","BAL","BAL","BAL",NA,NA,NA,NA
"903","LAA","LAA","WAS","LAN","MIA","CHN",NA,NA,NA
"904","WAS","WAS","WAS","WAS",NA,NA,NA,NA,NA
"905","CHA","HOU","HOU","HOU","HOU",NA,NA,NA,NA
"906","LAA",NA,NA,NA,NA,NA,NA,NA,NA
"907","PIT","PIT","PIT","PIT","PIT",NA,NA,NA,NA
"908","TEX","TEX","TEX","TEX","TEX",NA,NA,NA,NA
"909","SLN",NA,NA,NA,NA,NA,NA,NA,NA
"910","NYN","CIN",NA,NA,NA,NA,NA,NA,NA
"911","COL","ARI","ARI","HOU",NA,NA,NA,NA,NA
"912","MIL","MIL","SEA","PIT",NA,NA,NA,NA,NA
"913","NYN","NYN","NYN",NA,NA,NA,NA,NA,NA
"914","BOS",NA,NA,NA,NA,NA,NA,NA,NA
"915","FLO","MIA","MIA","MIA","LAN",NA,NA,NA,NA
"916","SLN",NA,NA,NA,NA,NA,NA,NA,NA
"917","MIL","LAA","NYN","COL","COL","TOR",NA,NA,NA
"918","LAN",NA,NA,NA,NA,NA,NA,NA,NA
"919","SDN","LAA",NA,NA,NA,NA,NA,NA,NA
"920","FLO","MIA","KCA","KCA","CLE",NA,NA,NA,NA
"921","CLE",NA,NA,NA,NA,NA,NA,NA,NA
"922","SDN","SDN","SDN","SDN","NYA","NYA",NA,NA,NA
"923","MIA","LAA",NA,NA,NA,NA,NA,NA,NA
"924","CHA","CHA",NA,NA,NA,NA,NA,NA,NA
"925","NYA",NA,NA,NA,NA,NA,NA,NA,NA
"926","TOR","MIA","MIA","MIA",NA,NA,NA,NA,NA
"927","SDN",NA,NA,NA,NA,NA,NA,NA,NA
"928","NYN","NYN",NA,NA,NA,NA,NA,NA,NA
"929","ARI",NA,NA,NA,NA,NA,NA,NA,NA
"930","CIN","CIN","CIN","CIN","LAN",NA,NA,NA,NA
"931","TBA","TBA","TBA","TBA","ARI",NA,NA,NA,NA
"932","MIL",NA,NA,NA,NA,NA,NA,NA,NA
"933","FLO",NA,NA,NA,NA,NA,NA,NA,NA
"934","COL","COL","COL",NA,NA,NA,NA,NA,NA
"935","SFN","BOS","BOS",NA,NA,NA,NA,NA,NA
"936","MIL","MIL","MIL",NA,NA,NA,NA,NA,NA
"937","CHN","CHN",NA,NA,NA,NA,NA,NA,NA
"938","MIN","MIN","MIN","TOR","KCA","TOR",NA,NA,NA
"939","BAL",NA,NA,NA,NA,NA,NA,NA,NA
"940","NYN",NA,NA,NA,NA,NA,NA,NA,NA
"941","FLO","SFN",NA,NA,NA,NA,NA,NA,NA
"942","CIN","SDN","SDN",NA,NA,NA,NA,NA,NA
"943","PHI","PHI","PHI",NA,NA,NA,NA,NA,NA
"944","ARI","ARI","ARI","ARI",NA,NA,NA,NA,NA
"945","ATL",NA,NA,NA,NA,NA,NA,NA,NA
"946","HOU","MIA","LAN",NA,NA,NA,NA,NA,NA
"947","SEA","SEA","SEA","SEA","SEA",NA,NA,NA,NA
"948","PIT","MIA","PIT",NA,NA,NA,NA,NA,NA
"949","WAS","ATL","MIL",NA,NA,NA,NA,NA,NA
"950","TEX",NA,NA,NA,NA,NA,NA,NA,NA
"951","ARI",NA,NA,NA,NA,NA,NA,NA,NA
"952","CHA","MIN","COL",NA,NA,NA,NA,NA,NA
"953","CIN","COL","LAN",NA,NA,NA,NA,NA,NA
"954","PHI","PHI",NA,NA,NA,NA,NA,NA,NA
"955","MIL","NYN",NA,NA,NA,NA,NA,NA,NA
"956","NYN","NYN",NA,NA,NA,NA,NA,NA,NA
"957","LAN","LAN","MIL","MIL",NA,NA,NA,NA,NA
"958","COL","COL","COL","BOS","CHN",NA,NA,NA,NA
"959","KCA","KCA","KCA","KCA","KCA",NA,NA,NA,NA
"960","PHI",NA,NA,NA,NA,NA,NA,NA,NA
"961","LAA",NA,NA,NA,NA,NA,NA,NA,NA
"962","MIN","MIN","MIN","MIN",NA,NA,NA,NA,NA
"963","CLE","CLE",NA,NA,NA,NA,NA,NA,NA
"964","ARI",NA,NA,NA,NA,NA,NA,NA,NA
"965","LAA","LAA",NA,NA,NA,NA,NA,NA,NA
"966","SFN","SFN",NA,NA,NA,NA,NA,NA,NA
"967","ATL","ATL","ATL","ATL","SLN",NA,NA,NA,NA
"968","MIN","MIN","MIN",NA,NA,NA,NA,NA,NA
"969","ATL","OAK","SFN",NA,NA,NA,NA,NA,NA
"970","SEA",NA,NA,NA,NA,NA,NA,NA,NA
"971","TOR","ARI","ARI","ARI","ARI","ARI",NA,NA,NA
"972","CHN","CHN","MIA","PHI",NA,NA,NA,NA,NA
"973","BOS","BOS","CLE","LAA","NYA","BOS",NA,NA,NA
"974","TOR",NA,NA,NA,NA,NA,NA,NA,NA
"975","SLN",NA,NA,NA,NA,NA,NA,NA,NA
"976","WAS","WAS",NA,NA,NA,NA,NA,NA,NA
"977","BOS","PHI",NA,NA,NA,NA,NA,NA,NA
"978","SDN","CHN",NA,NA,NA,NA,NA,NA,NA
"979","ATL","ATL","ARI",NA,NA,NA,NA,NA,NA
"980","KCA","KCA","KCA","KCA",NA,NA,NA,NA,NA
"981","BAL","BAL","HOU","HOU","HOU",NA,NA,NA,NA
"982","MIN",NA,NA,NA,NA,NA,NA,NA,NA
"983","LAN",NA,NA,NA,NA,NA,NA,NA,NA
"984","DET","DET","DET","DET",NA,NA,NA,NA,NA
"985","PIT",NA,NA,NA,NA,NA,NA,NA,NA
"986","TEX","TEX","TEX","TEX","TEX",NA,NA,NA,NA
"987","KCA","KCA","KCA","KCA","KCA",NA,NA,NA,NA
"988","PHI",NA,NA,NA,NA,NA,NA,NA,NA
"989","SLN","SLN","SLN","SLN","SLN",NA,NA,NA,NA
"990","ARI","CIN","CIN",NA,NA,NA,NA,NA,NA
"991","MIN",NA,NA,NA,NA,NA,NA,NA,NA
"992","PIT","BOS","BOS","BOS",NA,NA,NA,NA,NA
"993","CLE","CLE","CIN",NA,NA,NA,NA,NA,NA
"994","CIN","CIN","CIN","CIN",NA,NA,NA,NA,NA
"995","CIN","PHI","PHI",NA,NA,NA,NA,NA,NA
"996","KCA","KCA","KCA","KCA","KCA",NA,NA,NA,NA
"997","BOS","KCA",NA,NA,NA,NA,NA,NA,NA
"998","MIL",NA,NA,NA,NA,NA,NA,NA,NA
"999","CLE","CLE",NA,NA,NA,NA,NA,NA,NA
"1000","PHI","PHI","PHI","PHI","PHI",NA,NA,NA,NA
"1001","TBA","TBA","LAN","LAN","LAN",NA,NA,NA,NA
"1002","NYN",NA,NA,NA,NA,NA,NA,NA,NA
"1003","ARI","ARI","ARI","ARI",NA,NA,NA,NA,NA
"1004","BAL",NA,NA,NA,NA,NA,NA,NA,NA
"1005","SDN","SDN","CHA",NA,NA,NA,NA,NA,NA
"1006","ATL","ATL","ATL","SFN","SFN",NA,NA,NA,NA
"1007","SFN","SFN",NA,NA,NA,NA,NA,NA,NA
"1008","CLE","CLE","CLE","NYA","SFN","NYA","LAN",NA,NA
"1009","MIN",NA,NA,NA,NA,NA,NA,NA,NA
"1010","PIT","PIT","PIT","PIT","PIT",NA,NA,NA,NA
"1011","MIN","MIN","OAK",NA,NA,NA,NA,NA,NA
"1012","NYA","NYA","NYA","MIN","MIN",NA,NA,NA,NA
"1013","CHA","CHA","HOU",NA,NA,NA,NA,NA,NA
"1014","SDN","SDN","SDN","SDN","BAL","COL",NA,NA,NA
"1015","SDN",NA,NA,NA,NA,NA,NA,NA,NA
"1016","LAA","LAA","DET","DET","MIN",NA,NA,NA,NA
"1017","TEX","BAL","BAL","BAL","BAL","BAL","CHN",NA,NA
"1018","TOR","TOR","TOR",NA,NA,NA,NA,NA,NA
"1019","SDN","TOR",NA,NA,NA,NA,NA,NA,NA
"1020","COL","LAA","LAA","LAA","LAA",NA,NA,NA,NA
"1021","PHI","NYA","SEA","LAA","KCA",NA,NA,NA,NA
"1022","LAA",NA,NA,NA,NA,NA,NA,NA,NA
"1023","NYN","TOR","NYA",NA,NA,NA,NA,NA,NA
"1024","BOS","BOS","BOS","DET","DET",NA,NA,NA,NA
"1025","CIN",NA,NA,NA,NA,NA,NA,NA,NA
"1026","ARI","ARI",NA,NA,NA,NA,NA,NA,NA
"1027","FLO","MIA","DET","DET","KCA","KCA",NA,NA,NA
"1028","DET","DET","OAK","PIT",NA,NA,NA,NA,NA
"1029","HOU",NA,NA,NA,NA,NA,NA,NA,NA
"1030","PIT","TEX",NA,NA,NA,NA,NA,NA,NA
"1031","MIL","BAL","NYA","PIT","SFN","SFN","PIT",NA,NA
"1032","NYN","LAA",NA,NA,NA,NA,NA,NA,NA
"1033","SEA","SEA","SEA","SEA",NA,NA,NA,NA,NA
"1034","BAL","MIL","WAS","CIN",NA,NA,NA,NA,NA
"1035","LAA","LAA","TOR","TOR",NA,NA,NA,NA,NA
"1036","DET","DET","DET","DET","SEA","SEA","CHN",NA,NA
"1037","CHN","ARI",NA,NA,NA,NA,NA,NA,NA
"1038","OAK","BOS",NA,NA,NA,NA,NA,NA,NA
"1039","CHA","SLN","WAS","CHN","CHN","CHN","ATL",NA,NA
"1040","SDN",NA,NA,NA,NA,NA,NA,NA,NA
"1041","TEX",NA,NA,NA,NA,NA,NA,NA,NA
"1042","SLN","SLN","LAA",NA,NA,NA,NA,NA,NA
"1043","ARI",NA,NA,NA,NA,NA,NA,NA,NA
"1044","ATL","ATL",NA,NA,NA,NA,NA,NA,NA
"1045","BAL",NA,NA,NA,NA,NA,NA,NA,NA
"1046","MIN",NA,NA,NA,NA,NA,NA,NA,NA
"1047","CIN","ATL","ATL","BAL",NA,NA,NA,NA,NA
"1048","SDN",NA,NA,NA,NA,NA,NA,NA,NA
"1049","LAN","LAN","LAN","LAN","LAN",NA,NA,NA,NA
"1050","TOR","TOR","TOR","TOR","WAS",NA,NA,NA,NA
"1051","PIT",NA,NA,NA,NA,NA,NA,NA,NA
"1052","TBA","SEA","OAK","OAK","TBA",NA,NA,NA,NA
"1053","SLN","SLN","SLN","SLN","SLN",NA,NA,NA,NA
"1054","KCA","KCA","TOR","TOR","MIL","MIL",NA,NA,NA
"1055","TOR","TOR","TOR","TOR",NA,NA,NA,NA,NA
"1056","BOS",NA,NA,NA,NA,NA,NA,NA,NA
"1057","MIA","MIA","MIA","CHA",NA,NA,NA,NA,NA
"1058","TBA","TBA","TBA","TBA","TBA",NA,NA,NA,NA
"1059","LAA","LAA","LAA","LAA","TBA","MIN",NA,NA,NA
"1060","NYA","NYA","NYA","NYA",NA,NA,NA,NA,NA
"1061","SEA","PHI","PHI","PHI","MIL",NA,NA,NA,NA
"1062","SEA",NA,NA,NA,NA,NA,NA,NA,NA
"1063","LAA","LAA","MIL","BOS",NA,NA,NA,NA,NA
"1064","COL","CLE","CLE","CLE","BAL","BAL",NA,NA,NA
"1065","SFN",NA,NA,NA,NA,NA,NA,NA,NA
"1066","COL",NA,NA,NA,NA,NA,NA,NA,NA
"1067","BOS",NA,NA,NA,NA,NA,NA,NA,NA
"1068","HOU","HOU","ARI","ATL","ATL","ATL","CLE",NA,NA
"1069","TBA","CHA","BAL","TOR","SLN",NA,NA,NA,NA
"1070","TBA","TBA","KCA","ATL","CLE",NA,NA,NA,NA
"1071","CHA","CHA","CHA",NA,NA,NA,NA,NA,NA
"1072","BAL","BAL","BAL","OAK","DET","ATL","LAN",NA,NA
"1073","FLO","MIA","TOR",NA,NA,NA,NA,NA,NA
"1074","ARI","TOR","TOR","TBA","NYA","BOS","BAL","ATL","NYN"
"1075","PIT","MIN",NA,NA,NA,NA,NA,NA,NA
"1076","CHA",NA,NA,NA,NA,NA,NA,NA,NA
"1077","BAL",NA,NA,NA,NA,NA,NA,NA,NA
"1078","CHN","CHN","ATL","ATL","MIA","WAS",NA,NA,NA
"1079","SDN","NYN","SLN",NA,NA,NA,NA,NA,NA
"1080","BAL","BAL","BAL",NA,NA,NA,NA,NA,NA
"1081","CHN",NA,NA,NA,NA,NA,NA,NA,NA
"1082","BAL","BAL","BAL","BAL","BAL",NA,NA,NA,NA
"1083","NYA","NYA",NA,NA,NA,NA,NA,NA,NA
"1084","ATL","ATL",NA,NA,NA,NA,NA,NA,NA
"1085","PIT","PIT","PIT","MIA","NYA",NA,NA,NA,NA
"1086","SEA","SEA",NA,NA,NA,NA,NA,NA,NA
"1087","CHA","CHA","CHA","CHA",NA,NA,NA,NA,NA
"1088","WAS","WAS","WAS",NA,NA,NA,NA,NA,NA
"1089","BAL","BAL",NA,NA,NA,NA,NA,NA,NA
"1090","NYA",NA,NA,NA,NA,NA,NA,NA,NA
"1091","KCA","KCA",NA,NA,NA,NA,NA,NA,NA
"1092","TBA","TBA","TBA","TBA","LAA",NA,NA,NA,NA
"1093","CLE",NA,NA,NA,NA,NA,NA,NA,NA
"1094","MIL",NA,NA,NA,NA,NA,NA,NA,NA
"1095","ATL","ATL","BAL","COL",NA,NA,NA,NA,NA
"1096","KCA","OAK",NA,NA,NA,NA,NA,NA,NA
"1097","COL","COL",NA,NA,NA,NA,NA,NA,NA
"1098","BOS","CHN",NA,NA,NA,NA,NA,NA,NA
"1099","PIT",NA,NA,NA,NA,NA,NA,NA,NA
"1100","WAS","TBA","TBA",NA,NA,NA,NA,NA,NA
"1101","PIT","PIT",NA,NA,NA,NA,NA,NA,NA
"1102","SEA","TOR","TOR","TOR",NA,NA,NA,NA,NA
"1103","LAA","CLE","OAK","OAK","HOU",NA,NA,NA,NA
"1104","CLE","MIA","MIA",NA,NA,NA,NA,NA,NA
"1105","TEX",NA,NA,NA,NA,NA,NA,NA,NA
"1106","SEA","SEA","NYA","NYA","SDN",NA,NA,NA,NA
"1107","SDN","SDN",NA,NA,NA,NA,NA,NA,NA
"1108","DET","DET","DET","DET","MIA",NA,NA,NA,NA
"1109","SLN","SLN","SLN","BOS","BOS",NA,NA,NA,NA
"1110","ATL",NA,NA,NA,NA,NA,NA,NA,NA
"1111","LAN","LAN","LAN","LAN","SDN",NA,NA,NA,NA
"1112","LAA","LAA","LAA","LAA","LAN",NA,NA,NA,NA
"1113","PHI","PHI","PHI","PHI","COL",NA,NA,NA,NA
"1114","SEA","LAN",NA,NA,NA,NA,NA,NA,NA
"1115","ARI","ARI","ARI","SDN","SDN","SDN",NA,NA,NA
"1116","COL","SEA",NA,NA,NA,NA,NA,NA,NA
"1117","MIN",NA,NA,NA,NA,NA,NA,NA,NA
"1118","HOU","SFN","TBA","CHA",NA,NA,NA,NA,NA
"1119","LAN","LAN","LAN","LAN","LAN",NA,NA,NA,NA
"1120","HOU","HOU","HOU","HOU",NA,NA,NA,NA,NA
"1121","SFN","SFN",NA,NA,NA,NA,NA,NA,NA
"1122","TBA","TBA","TBA",NA,NA,NA,NA,NA,NA
"1123","SFN","ARI",NA,NA,NA,NA,NA,NA,NA
"1124","WAS",NA,NA,NA,NA,NA,NA,NA,NA
"1125","ATL","ATL","ATL","ATL","SDN",NA,NA,NA,NA
"1126","CHA","SEA",NA,NA,NA,NA,NA,NA,NA
"1127","TEX","TEX","TEX","DET","DET",NA,NA,NA,NA
"1128","MIL","MIL","MIL","MIL","MIL",NA,NA,NA,NA
"1129","CLE","CLE","CLE","CLE","CLE",NA,NA,NA,NA
"1130","TEX","TEX","TEX","TEX",NA,NA,NA,NA,NA
"1131","TEX","TEX",NA,NA,NA,NA,NA,NA,NA
"1132","CLE","CLE","CLE","CLE","CLE",NA,NA,NA,NA
"1133","DET","MIL",NA,NA,NA,NA,NA,NA,NA
"1134","DET",NA,NA,NA,NA,NA,NA,NA,NA
"1135","WAS","WAS",NA,NA,NA,NA,NA,NA,NA
"1136","MIA","MIA","MIA","MIA",NA,NA,NA,NA,NA
"1137","LAA","LAA","LAA","ATL",NA,NA,NA,NA,NA
"1138","SLN","MIN",NA,NA,NA,NA,NA,NA,NA
"1139","CHA","CHA","CHA","CHA",NA,NA,NA,NA,NA
"1140","NYA","SFN","SFN","SFN","SFN",NA,NA,NA,NA
"1141","TOR","TOR",NA,NA,NA,NA,NA,NA,NA
"1142","TBA","CLE","MIA",NA,NA,NA,NA,NA,NA
"1143","MIL","SDN","SDN",NA,NA,NA,NA,NA,NA
"1144","MIL","MIL","OAK","KCA","CLE","SLN","TOR",NA,NA
"1145","OAK","COL","TEX",NA,NA,NA,NA,NA,NA
"1146","SLN","SLN","SLN","SLN","SLN",NA,NA,NA,NA
"1147","PHI","PHI","PHI","TOR","KCA","KCA","PHI",NA,NA
"1148","HOU","HOU","LAA","TBA","DET",NA,NA,NA,NA
"1149","ARI",NA,NA,NA,NA,NA,NA,NA,NA
"1150","WAS","DET","DET",NA,NA,NA,NA,NA,NA
"1151","MIN","ARI","ARI","CLE","MIN",NA,NA,NA,NA
"1152","LAA",NA,NA,NA,NA,NA,NA,NA,NA
"1153","LAN",NA,NA,NA,NA,NA,NA,NA,NA
"1154","LAN","NYA","NYA","NYA",NA,NA,NA,NA,NA
"1155","BOS","BOS","BOS","SLN","SLN",NA,NA,NA,NA
"1156","OAK",NA,NA,NA,NA,NA,NA,NA,NA
"1157","SEA","NYA","TOR","NYN","TOR","COL",NA,NA,NA
"1158","SEA","PIT","PIT",NA,NA,NA,NA,NA,NA
"1159","NYN","NYN","NYN",NA,NA,NA,NA,NA,NA
"1160","CHN","CHN",NA,NA,NA,NA,NA,NA,NA
"1161","NYA","HOU","HOU",NA,NA,NA,NA,NA,NA
"1162","SLN","DET","ATL","ATL","ARI",NA,NA,NA,NA
"1163","CHN","CHN","CHN","BAL",NA,NA,NA,NA,NA
"1164","CHN","MIL",NA,NA,NA,NA,NA,NA,NA
"1165","CIN",NA,NA,NA,NA,NA,NA,NA,NA
"1166","ARI","ARI",NA,NA,NA,NA,NA,NA,NA
"1167","CIN",NA,NA,NA,NA,NA,NA,NA,NA
"1168","PIT","PIT","PIT",NA,NA,NA,NA,NA,NA
"1169","SDN",NA,NA,NA,NA,NA,NA,NA,NA
"1170","SEA","LAA","TOR",NA,NA,NA,NA,NA,NA
"1171","CLE","ARI",NA,NA,NA,NA,NA,NA,NA
"1172","WAS","WAS","PHI","NYN",NA,NA,NA,NA,NA
"1173","CLE","CLE",NA,NA,NA,NA,NA,NA,NA
"1174","WAS","WAS","WAS","WAS","CHA",NA,NA,NA,NA
"1175","OAK","TOR",NA,NA,NA,NA,NA,NA,NA
"1176","ATL","CHN",NA,NA,NA,NA,NA,NA,NA
"1177","SDN","CIN","CIN","CIN","MIA","LAN","LAA",NA,NA
"1178","BOS","BOS","BOS","BOS","BAL","ATL",NA,NA,NA
"1179","TOR","TOR","TOR","TOR","OAK",NA,NA,NA,NA
"1180","SDN","SDN","BOS","BOS",NA,NA,NA,NA,NA
"1181","MIA",NA,NA,NA,NA,NA,NA,NA,NA
"1182","SEA","SEA","LAN","LAN","LAN",NA,NA,NA,NA
"1183","CIN","CIN","CIN","CIN","CIN","SFN",NA,NA,NA
"1184","NYN",NA,NA,NA,NA,NA,NA,NA,NA
"1185","SDN","MIA","MIA","HOU","LAA","NYA","LAA",NA,NA
"1186","CIN","CIN","CIN","CIN","CIN",NA,NA,NA,NA
"1187","TOR",NA,NA,NA,NA,NA,NA,NA,NA
"1188","HOU","HOU","MIA",NA,NA,NA,NA,NA,NA
"1189","CLE","CLE","CLE",NA,NA,NA,NA,NA,NA
"1190","PHI","PHI","PHI","PHI",NA,NA,NA,NA,NA
"1191","BAL","PIT",NA,NA,NA,NA,NA,NA,NA
"1192","CHA","CHA",NA,NA,NA,NA,NA,NA,NA
"1193","LAN",NA,NA,NA,NA,NA,NA,NA,NA
"1194","CHN","COL","COL","COL","COL",NA,NA,NA,NA
"1195","OAK",NA,NA,NA,NA,NA,NA,NA,NA
"1196","SEA","SEA","ARI",NA,NA,NA,NA,NA,NA
"1197","WAS","WAS","WAS","BOS",NA,NA,NA,NA,NA
"1198","PIT","PIT","PIT","NYA",NA,NA,NA,NA,NA
"1199","PHI","PHI",NA,NA,NA,NA,NA,NA,NA
"1200","BOS","BOS","BOS","BOS","OAK","CHN",NA,NA,NA
"1201","TEX","TEX","TEX","TEX",NA,NA,NA,NA,NA
"1202","CIN","NYN",NA,NA,NA,NA,NA,NA,NA
"1203","TOR",NA,NA,NA,NA,NA,NA,NA,NA
"1204","LAN",NA,NA,NA,NA,NA,NA,NA,NA
"1205","SEA","SEA","SEA",NA,NA,NA,NA,NA,NA
"1206","PHI","WAS",NA,NA,NA,NA,NA,NA,NA
"1207","CHA","CHA","BOS","CLE","CHN","NYA",NA,NA,NA
"1208","LAN","LAN","LAN",NA,NA,NA,NA,NA,NA
"1209","CHN",NA,NA,NA,NA,NA,NA,NA,NA
"1210","SFN","SFN","SFN","SFN","SFN",NA,NA,NA,NA
"1211","BOS",NA,NA,NA,NA,NA,NA,NA,NA
"1212","PIT","PIT","TOR","TOR","PHI",NA,NA,NA,NA
"1213","TOR","TOR","TOR","TOR","MIL",NA,NA,NA,NA
"1214","LAN","LAN","PHI","TEX","OAK",NA,NA,NA,NA
"1215","NYA",NA,NA,NA,NA,NA,NA,NA,NA
"1216","CLE",NA,NA,NA,NA,NA,NA,NA,NA
"1217","COL","BAL","ARI","CHA","CHA",NA,NA,NA,NA
"1218","CHA",NA,NA,NA,NA,NA,NA,NA,NA
"1219","ATL",NA,NA,NA,NA,NA,NA,NA,NA
"1220","MIN","MIN","CHA","PIT","PIT","PIT",NA,NA,NA
"1221","SDN",NA,NA,NA,NA,NA,NA,NA,NA
"1222","TOR",NA,NA,NA,NA,NA,NA,NA,NA
"1223","PIT",NA,NA,NA,NA,NA,NA,NA,NA
"1224","TBA","TBA","TBA","WAS","WAS",NA,NA,NA,NA
"1225","DET","DET",NA,NA,NA,NA,NA,NA,NA
"1226","HOU",NA,NA,NA,NA,NA,NA,NA,NA
"1227","PIT","PIT","PIT","PIT","PIT",NA,NA,NA,NA
"1228","MIL","MIL","SEA","CHN","ATL",NA,NA,NA,NA
"1229","TOR","PHI",NA,NA,NA,NA,NA,NA,NA
"1230","NYA","NYA","NYA","COL","COL",NA,NA,NA,NA
"1231","SLN","SLN","MIL","MIL","MIL",NA,NA,NA,NA
"1232","SFN",NA,NA,NA,NA,NA,NA,NA,NA
"1233","WAS","WAS","WAS","BAL","PIT",NA,NA,NA,NA
"1234","LAN","LAN","BOS","TBA","TBA","TBA",NA,NA,NA
"1235","TBA","TBA","TBA","TBA","TBA",NA,NA,NA,NA
"1236","TBA","MIL",NA,NA,NA,NA,NA,NA,NA
"1237","SFN","SFN","SFN","SFN","SFN",NA,NA,NA,NA
"1238","COL","FLO","CLE","CHA",NA,NA,NA,NA,NA
"1239","MIL",NA,NA,NA,NA,NA,NA,NA,NA
"1240","CHN",NA,NA,NA,NA,NA,NA,NA,NA
"1241","CHN","CHN",NA,NA,NA,NA,NA,NA,NA
"1242","HOU","HOU","COL","COL",NA,NA,NA,NA,NA
"1243","CIN",NA,NA,NA,NA,NA,NA,NA,NA
"1244","KCA","KCA","BAL","BAL",NA,NA,NA,NA,NA
"1245","TOR","TOR","TOR","TOR",NA,NA,NA,NA,NA
"1246","SFN",NA,NA,NA,NA,NA,NA,NA,NA
"1247","ATL","CLE","NYA","TEX",NA,NA,NA,NA,NA
"1248","TEX","TEX","LAA","CLE","SEA","TOR",NA,NA,NA
"1249","BOS","HOU","OAK","OAK","HOU",NA,NA,NA,NA
"1250","MIA","MIA",NA,NA,NA,NA,NA,NA,NA
"1251","MIL","MIL","MIL","MIL","MIL",NA,NA,NA,NA
"1252","CHA",NA,NA,NA,NA,NA,NA,NA,NA
"1253","SDN","PIT","CIN","CIN","CIN",NA,NA,NA,NA
"1254","SDN","SDN",NA,NA,NA,NA,NA,NA,NA
"1255","SEA","TBA","TBA","TBA",NA,NA,NA,NA,NA
"1256","SEA","SEA","SEA","SEA",NA,NA,NA,NA,NA
"1257","ATL",NA,NA,NA,NA,NA,NA,NA,NA
"1258","PHI",NA,NA,NA,NA,NA,NA,NA,NA
"1259","CIN","CIN",NA,NA,NA,NA,NA,NA,NA
"1260","NYN","NYN",NA,NA,NA,NA,NA,NA,NA
"1261","HOU","HOU","HOU","COL","COL",NA,NA,NA,NA
"1262","SLN","SLN","SLN","SLN","SLN",NA,NA,NA,NA
"1263","HOU","HOU","TOR","NYN",NA,NA,NA,NA,NA
"1264","SLN","SLN","SLN",NA,NA,NA,NA,NA,NA
"1265","LAN","LAN",NA,NA,NA,NA,NA,NA,NA
"1266","DET",NA,NA,NA,NA,NA,NA,NA,NA
"1267","BAL","BAL","BAL","BAL",NA,NA,NA,NA,NA
"1268","SFN","SFN","SFN","SFN","BOS",NA,NA,NA,NA
"1269","PHI","KCA",NA,NA,NA,NA,NA,NA,NA
"1270","LAN",NA,NA,NA,NA,NA,NA,NA,NA
"1271","OAK",NA,NA,NA,NA,NA,NA,NA,NA
"1272","PIT","CHN","ATL","ATL","LAN",NA,NA,NA,NA
"1273","BAL","MIA",NA,NA,NA,NA,NA,NA,NA
"1274","TBA",NA,NA,NA,NA,NA,NA,NA,NA
"1275","KCA","KCA",NA,NA,NA,NA,NA,NA,NA
"1276","TBA",NA,NA,NA,NA,NA,NA,NA,NA
"1277","MIA",NA,NA,NA,NA,NA,NA,NA,NA
"1278","CHN","CHN","CLE",NA,NA,NA,NA,NA,NA
"1279","WAS",NA,NA,NA,NA,NA,NA,NA,NA
"1280","MIL","MIL","MIL","MIL","MIL",NA,NA,NA,NA
"1281","CIN","MIN",NA,NA,NA,NA,NA,NA,NA
"1282","SLN","SLN","SLN",NA,NA,NA,NA,NA,NA
"1283","MIN","MIN","COL","PHI","CLE",NA,NA,NA,NA
"1284","MIL","MIL","NYN","CLE",NA,NA,NA,NA,NA
"1285","ATL",NA,NA,NA,NA,NA,NA,NA,NA
"1286","CHA",NA,NA,NA,NA,NA,NA,NA,NA
"1287","KCA","KCA",NA,NA,NA,NA,NA,NA,NA
"1288","MIA","MIA","HOU","HOU",NA,NA,NA,NA,NA
"1289","BAL","BAL","BAL","BAL","ATL",NA,NA,NA,NA
"1290","KCA",NA,NA,NA,NA,NA,NA,NA,NA
"1291","ATL",NA,NA,NA,NA,NA,NA,NA,NA
"1292","CHN","CHN","CHN","LAN","MIA",NA,NA,NA,NA
"1293","LAA","LAA","LAA",NA,NA,NA,NA,NA,NA
"1294","WAS","ARI","MIN","SDN","SDN","CIN",NA,NA,NA
"1295","NYA",NA,NA,NA,NA,NA,NA,NA,NA
"1296","WAS","WAS",NA,NA,NA,NA,NA,NA,NA
"1297","BOS",NA,NA,NA,NA,NA,NA,NA,NA
"1298","NYA",NA,NA,NA,NA,NA,NA,NA,NA
"1299","ARI","ARI",NA,NA,NA,NA,NA,NA,NA
"1300","CHN","CIN","CIN","CIN",NA,NA,NA,NA,NA
"1301","CLE","CLE","CLE",NA,NA,NA,NA,NA,NA
"1302","ARI","ARI","LAA",NA,NA,NA,NA,NA,NA
"1303","ARI",NA,NA,NA,NA,NA,NA,NA,NA
"1304","DET",NA,NA,NA,NA,NA,NA,NA,NA
"1305","SEA",NA,NA,NA,NA,NA,NA,NA,NA
"1306","DET","DET",NA,NA,NA,NA,NA,NA,NA
"1307","PIT","PIT","PIT","PIT",NA,NA,NA,NA,NA
"1308","SLN","SLN",NA,NA,NA,NA,NA,NA,NA
"1309","SLN","SLN","SLN",NA,NA,NA,NA,NA,NA
"1310","COL","NYA",NA,NA,NA,NA,NA,NA,NA
"1311","ATL","OAK",NA,NA,NA,NA,NA,NA,NA
"1312","ATL","ATL","ATL",NA,NA,NA,NA,NA,NA
"1313","HOU","HOU",NA,NA,NA,NA,NA,NA,NA
"1314","PHI","PHI",NA,NA,NA,NA,NA,NA,NA
"1315","NYN","HOU","HOU",NA,NA,NA,NA,NA,NA
"1316","HOU","HOU","HOU","DET","DET",NA,NA,NA,NA
"1317","ARI","CLE",NA,NA,NA,NA,NA,NA,NA
"1318","TEX","TEX","TEX","TEX","TEX",NA,NA,NA,NA
"1319","SDN","TEX",NA,NA,NA,NA,NA,NA,NA
"1320","PHI","PHI","PHI","PIT","CLE",NA,NA,NA,NA
"1321","TEX","TEX",NA,NA,NA,NA,NA,NA,NA
"1322","FLO",NA,NA,NA,NA,NA,NA,NA,NA
"1323","WAS",NA,NA,NA,NA,NA,NA,NA,NA
"1324","NYA","NYA","PIT","PIT","TOR",NA,NA,NA,NA
"1325","MIN",NA,NA,NA,NA,NA,NA,NA,NA
"1326","DET","DET","DET","DET",NA,NA,NA,NA,NA
"1327","CIN","COL","MIA","ATL",NA,NA,NA,NA,NA
"1328","CLE","CLE","CLE","CLE","SLN","BOS",NA,NA,NA
"1329","TOR","MIN","MIN","MIN","TOR",NA,NA,NA,NA
"1330","CHN","SDN",NA,NA,NA,NA,NA,NA,NA
"1331","ATL","CHN",NA,NA,NA,NA,NA,NA,NA
"1332","LAA","TOR","MIA","MIA","MIA",NA,NA,NA,NA
"1333","PHI",NA,NA,NA,NA,NA,NA,NA,NA
"1334","BOS","BOS","NYN","NYN",NA,NA,NA,NA,NA
"1335","OAK","TBA",NA,NA,NA,NA,NA,NA,NA
"1336","WAS","WAS","WAS","WAS","LAA","CIN",NA,NA,NA
"1337","MIA",NA,NA,NA,NA,NA,NA,NA,NA
"1338","BAL","BAL","BAL","BAL","BAL",NA,NA,NA,NA
"1339","COL","COL",NA,NA,NA,NA,NA,NA,NA
"1340","NYN",NA,NA,NA,NA,NA,NA,NA,NA
"1341","MIN","MIN","MIN","MIN","MIN",NA,NA,NA,NA
"1342","SEA","SEA","SDN",NA,NA,NA,NA,NA,NA
"1343","HOU","HOU","KCA","KCA","SFN",NA,NA,NA,NA
"1344","WAS","WAS",NA,NA,NA,NA,NA,NA,NA
"1345","PHI","PHI","PHI","PHI","TOR","NYN",NA,NA,NA
"1346","SDN","SDN","SDN","SDN","ATL",NA,NA,NA,NA
"1347","MIL",NA,NA,NA,NA,NA,NA,NA,NA
"1348","MIN","MIN",NA,NA,NA,NA,NA,NA,NA
"1349","KCA","KCA","PIT","PIT","MIA",NA,NA,NA,NA
"1350","SDN",NA,NA,NA,NA,NA,NA,NA,NA
"1351","CLE","CLE","CLE","CLE","CLE",NA,NA,NA,NA
"1352","COL","COL","COL",NA,NA,NA,NA,NA,NA
"1353","ATL","ATL","ATL","NYA","NYA",NA,NA,NA,NA
"1354","DET","DET",NA,NA,NA,NA,NA,NA,NA
"1355","OAK","OAK","ARI","ARI","NYA","LAN",NA,NA,NA
"1356","SLN","SLN","TEX",NA,NA,NA,NA,NA,NA
"1357","MIL","MIL",NA,NA,NA,NA,NA,NA,NA
"1358","TOR","TOR",NA,NA,NA,NA,NA,NA,NA
"1359","DET",NA,NA,NA,NA,NA,NA,NA,NA
"1360","HOU",NA,NA,NA,NA,NA,NA,NA,NA
"1361","PIT","PIT","PIT","PIT","PIT",NA,NA,NA,NA
"1362","PIT","PIT","TEX",NA,NA,NA,NA,NA,NA
"1363","BOS","BOS","NYA","CHN",NA,NA,NA,NA,NA
"1364","PIT","PIT","PIT",NA,NA,NA,NA,NA,NA
"1365","TOR","ARI","ARI","PIT","CLE","PHI","BOS","LAA",NA
"1366","BAL","BAL","BAL",NA,NA,NA,NA,NA,NA
"1367","TBA","TBA","TBA","TBA","TBA",NA,NA,NA,NA
"1368","MIL","PIT","NYA","MIA","SFN","MIA",NA,NA,NA
"1369","MIA",NA,NA,NA,NA,NA,NA,NA,NA
"1370","TOR","TOR","TOR","PHI",NA,NA,NA,NA,NA
"1371","TEX",NA,NA,NA,NA,NA,NA,NA,NA
"1372","NYN","NYN","COL","HOU","HOU",NA,NA,NA,NA
"1373","PIT","PIT","PIT","COL","COL",NA,NA,NA,NA
"1374","ATL",NA,NA,NA,NA,NA,NA,NA,NA
"1375","ATL","PIT","BAL","BAL","WAS",NA,NA,NA,NA
"1376","CHA",NA,NA,NA,NA,NA,NA,NA,NA
"1377","PIT",NA,NA,NA,NA,NA,NA,NA,NA
"1378","SDN","SDN",NA,NA,NA,NA,NA,NA,NA
"1379","SEA","SEA","SEA","CHN",NA,NA,NA,NA,NA
"1380","ATL","ATL","ATL","KCA",NA,NA,NA,NA,NA
"1381","PIT","PIT","BAL",NA,NA,NA,NA,NA,NA
"1382","NYN","NYN","NYN","NYN",NA,NA,NA,NA,NA
"1383","HOU","BOS","PIT","PIT","PIT",NA,NA,NA,NA
"1384","TEX","TEX","BOS",NA,NA,NA,NA,NA,NA
"1385","KCA","KCA","KCA",NA,NA,NA,NA,NA,NA
"1386","PIT","PIT","PIT","PIT",NA,NA,NA,NA,NA
"1387","DET",NA,NA,NA,NA,NA,NA,NA,NA
"1388","NYA","NYA",NA,NA,NA,NA,NA,NA,NA
"1389","CIN","CIN","CIN","CIN","CIN",NA,NA,NA,NA
"1390","MIN",NA,NA,NA,NA,NA,NA,NA,NA
"1391","HOU",NA,NA,NA,NA,NA,NA,NA,NA
"1392","ARI",NA,NA,NA,NA,NA,NA,NA,NA
"1393","BOS","BOS","BOS","SDN",NA,NA,NA,NA,NA
"1394","MIN","KCA","SFN","SFN",NA,NA,NA,NA,NA
"1395","SDN","SDN","TEX",NA,NA,NA,NA,NA,NA
"1396","LAN",NA,NA,NA,NA,NA,NA,NA,NA
"1397","ARI","ARI","ARI","ARI","BOS",NA,NA,NA,NA
"1398","BOS","BOS","BOS","BOS","BAL","NYA",NA,NA,NA
"1399","SEA","SEA","SEA",NA,NA,NA,NA,NA,NA
"1400","CIN",NA,NA,NA,NA,NA,NA,NA,NA
"1401","OAK",NA,NA,NA,NA,NA,NA,NA,NA
"1402","COL","OAK","NYA","NYA",NA,NA,NA,NA,NA
"1403","DET","COL",NA,NA,NA,NA,NA,NA,NA
"1404","CHA",NA,NA,NA,NA,NA,NA,NA,NA
"1405","SLN","SLN","SLN","ATL",NA,NA,NA,NA,NA
"1406","SLN","TOR","BOS",NA,NA,NA,NA,NA,NA
"1407","TOR","LAA","OAK","TOR","OAK",NA,NA,NA,NA
"1408","COL","SEA",NA,NA,NA,NA,NA,NA,NA
"1409","WAS","OAK","OAK","OAK","MIN","MIN",NA,NA,NA
"1410","PHI",NA,NA,NA,NA,NA,NA,NA,NA
"1411","ATL","ATL","ATL","ATL",NA,NA,NA,NA,NA
"1412","ARI",NA,NA,NA,NA,NA,NA,NA,NA
"1413","NYN",NA,NA,NA,NA,NA,NA,NA,NA
"1414","NYA","NYA",NA,NA,NA,NA,NA,NA,NA
"1415","NYA",NA,NA,NA,NA,NA,NA,NA,NA
"1416","LAN",NA,NA,NA,NA,NA,NA,NA,NA
"1417","MIL","NYA",NA,NA,NA,NA,NA,NA,NA
"1418","NYA",NA,NA,NA,NA,NA,NA,NA,NA
"1419","TOR","TBA","TBA","TBA",NA,NA,NA,NA,NA
"1420","SLN","SLN","SLN","SLN","SLN",NA,NA,NA,NA
"1421","SFN","NYN",NA,NA,NA,NA,NA,NA,NA
"1422","CHA",NA,NA,NA,NA,NA,NA,NA,NA
"1423","CHN",NA,NA,NA,NA,NA,NA,NA,NA
"1424","NYA","SEA","SEA","SEA","SEA",NA,NA,NA,NA
"1425","ARI","ARI","ARI","ARI","CHN",NA,NA,NA,NA
"1426","NYN","NYN",NA,NA,NA,NA,NA,NA,NA
"1427","SEA",NA,NA,NA,NA,NA,NA,NA,NA
"1428","OAK",NA,NA,NA,NA,NA,NA,NA,NA
"1429","SEA","KCA","KCA","SDN","CLE",NA,NA,NA,NA
"1430","LAA",NA,NA,NA,NA,NA,NA,NA,NA
"1431","TBA","TBA","TBA","TBA","TBA",NA,NA,NA,NA
"1432","HOU",NA,NA,NA,NA,NA,NA,NA,NA
"1433","WAS","WAS","WAS","WAS",NA,NA,NA,NA,NA
"1434","COL","BOS","BOS","BOS","COL","KCA",NA,NA,NA
"1435","COL",NA,NA,NA,NA,NA,NA,NA,NA
"1436","LAA","SEA","MIN","SEA","KCA",NA,NA,NA,NA
"1437","ARI",NA,NA,NA,NA,NA,NA,NA,NA
"1438","CHA","CHA","CHA","PIT","PIT",NA,NA,NA,NA
"1439","TEX","TEX","TEX","TEX","TEX",NA,NA,NA,NA
"1440","NYA",NA,NA,NA,NA,NA,NA,NA,NA
"1441","PHI",NA,NA,NA,NA,NA,NA,NA,NA
"1442","MIL","MIL","CLE",NA,NA,NA,NA,NA,NA
"1443","LAA","LAA",NA,NA,NA,NA,NA,NA,NA
"1444","MIN","MIN","MIN","PIT","COL","COL",NA,NA,NA
"1445","NYN",NA,NA,NA,NA,NA,NA,NA,NA
"1446","PIT","PIT","PIT","MIA","MIA",NA,NA,NA,NA
"1447","FLO","MIA","MIA","SEA","SEA",NA,NA,NA,NA
"1448","TOR","TOR","TOR","TOR","SDN",NA,NA,NA,NA
"1449","WAS","WAS","SEA","BAL","SFN","MIA","PIT",NA,NA
"1450","COL","BOS","BOS",NA,NA,NA,NA,NA,NA
"1451","PIT","PIT","PIT","PIT","PIT",NA,NA,NA,NA
"1452","OAK","COL","SFN",NA,NA,NA,NA,NA,NA
"1453","CIN",NA,NA,NA,NA,NA,NA,NA,NA
"1454","SDN","SDN",NA,NA,NA,NA,NA,NA,NA
"1455","PIT",NA,NA,NA,NA,NA,NA,NA,NA
"1456","PHI","OAK","OAK","OAK","CLE","SLN",NA,NA,NA
"1457","SFN","SFN",NA,NA,NA,NA,NA,NA,NA
"1458","SLN","SLN","SLN","CHN",NA,NA,NA,NA,NA
"1459","KCA","KCA","KCA","KCA","KCA",NA,NA,NA,NA
"1460","DET","DET",NA,NA,NA,NA,NA,NA,NA
"1461","COL",NA,NA,NA,NA,NA,NA,NA,NA
"1462","ATL","ATL","LAN","ATL",NA,NA,NA,NA,NA
"1463","FLO","MIA","SLN","SLN","BOS","BOS","OAK",NA,NA
"1464","OAK",NA,NA,NA,NA,NA,NA,NA,NA
"1465","NYN",NA,NA,NA,NA,NA,NA,NA,NA
"1466","CLE",NA,NA,NA,NA,NA,NA,NA,NA
"1467","TEX","TEX","TEX","CLE","CLE","LAA",NA,NA,NA
"1468","NYN","NYN","NYN","NYN","NYN",NA,NA,NA,NA
"1469","FLO","MIA","CHN","TEX",NA,NA,NA,NA,NA
"1470","NYA","NYA","NYA",NA,NA,NA,NA,NA,NA
"1471","COL",NA,NA,NA,NA,NA,NA,NA,NA
"1472","PHI",NA,NA,NA,NA,NA,NA,NA,NA
"1473","HOU","HOU","CHA","CLE",NA,NA,NA,NA,NA
"1474","TBA","TBA","SDN",NA,NA,NA,NA,NA,NA
"1475","ARI","WAS","SFN","SDN",NA,NA,NA,NA,NA
"1476","TEX","TEX","BOS","BOS","BOS","TEX",NA,NA,NA
"1477","MIL","MIL","MIL","MIA",NA,NA,NA,NA,NA
"1478","MIN","TEX","TEX","DET","DET",NA,NA,NA,NA
"1479","BOS","BOS","BOS","BOS","TBA",NA,NA,NA,NA
"1480","LAN","CIN","CHN","TOR","TOR",NA,NA,NA,NA
"1481","LAA","LAA","LAA","LAA",NA,NA,NA,NA,NA
"1482","BAL",NA,NA,NA,NA,NA,NA,NA,NA
"1483","BOS","KCA","PIT","BAL",NA,NA,NA,NA,NA
"1484","CLE","NYA","CHN",NA,NA,NA,NA,NA,NA
"1485","CIN","CIN","CIN",NA,NA,NA,NA,NA,NA
"1486","COL","COL","COL","NYA","LAA","SDN",NA,NA,NA
"1487","MIL","MIL","MIL",NA,NA,NA,NA,NA,NA
"1488","PHI","PHI",NA,NA,NA,NA,NA,NA,NA
"1489","DET",NA,NA,NA,NA,NA,NA,NA,NA
"1490","SDN","OAK","OAK","SLN","HOU",NA,NA,NA,NA
"1491","COL","COL","COL","COL","LAN",NA,NA,NA,NA
"1492","NYN","NYN","TOR",NA,NA,NA,NA,NA,NA
"1493","MIA",NA,NA,NA,NA,NA,NA,NA,NA
"1494","TBA","TBA",NA,NA,NA,NA,NA,NA,NA
"1495","NYN","NYN","NYN","NYN","NYN",NA,NA,NA,NA
"1496","CHA",NA,NA,NA,NA,NA,NA,NA,NA
"1497","NYN","NYN","NYN","NYN","LAA","NYN",NA,NA,NA
"1498","MIL","COL","ARI","ARI","PHI","SDN",NA,NA,NA
"1499","MIN","MIN",NA,NA,NA,NA,NA,NA,NA
"1500","TOR","NYA","NYA","PHI","PIT","KCA",NA,NA,NA
"1501","WAS","PHI","PHI",NA,NA,NA,NA,NA,NA
"1502","NYA",NA,NA,NA,NA,NA,NA,NA,NA
"1503","NYA","SEA","SEA","SEA","TEX","CHA","CHA",NA,NA
"1504","PHI",NA,NA,NA,NA,NA,NA,NA,NA
"1505","FLO","MIA","MIA","LAN","MIN","MIN",NA,NA,NA
"1506","TOR","TOR","OAK",NA,NA,NA,NA,NA,NA
"1507","SFN","SFN",NA,NA,NA,NA,NA,NA,NA
"1508","OAK","OAK",NA,NA,NA,NA,NA,NA,NA
"1509","HOU","HOU","HOU","BAL","BAL","BAL","SDN",NA,NA
"1510","TOR","TOR","DET",NA,NA,NA,NA,NA,NA
"1511","OAK","OAK","OAK","SDN",NA,NA,NA,NA,NA
"1512","NYA","NYA","NYA","NYA","NYA",NA,NA,NA,NA
"1513","NYA","NYA","NYA","MIN","MIN",NA,NA,NA,NA
"1514","FLO","TBA",NA,NA,NA,NA,NA,NA,NA
"1515","NYA","NYA","ARI","ARI","SEA",NA,NA,NA,NA
"1516","COL",NA,NA,NA,NA,NA,NA,NA,NA
"1517","HOU","HOU","HOU",NA,NA,NA,NA,NA,NA
"1518","ARI",NA,NA,NA,NA,NA,NA,NA,NA
"1519","NYN",NA,NA,NA,NA,NA,NA,NA,NA
"1520","TEX","BAL","BAL","BAL","BAL",NA,NA,NA,NA
"1521","KCA","TBA","TBA","TBA",NA,NA,NA,NA,NA
"1522","TEX","TEX",NA,NA,NA,NA,NA,NA,NA
"1523","LAN",NA,NA,NA,NA,NA,NA,NA,NA
"1524","ATL","ATL","ATL","OAK","OAK","NYN",NA,NA,NA
"1525","TEX","TEX","TEX","TEX","BOS",NA,NA,NA,NA
"1526","PHI",NA,NA,NA,NA,NA,NA,NA,NA
"1527","PIT","SDN","WAS","TEX",NA,NA,NA,NA,NA
"1528","CHA","CHA",NA,NA,NA,NA,NA,NA,NA
"1529","BOS","OAK",NA,NA,NA,NA,NA,NA,NA
"1530","DET",NA,NA,NA,NA,NA,NA,NA,NA
"1531","TEX","TOR","TOR",NA,NA,NA,NA,NA,NA
"1532","ATL",NA,NA,NA,NA,NA,NA,NA,NA
"1533","DET","MIN","MIN","MIN",NA,NA,NA,NA,NA
"1534","SEA","SEA","MIA","LAN",NA,NA,NA,NA,NA
"1535","CHA",NA,NA,NA,NA,NA,NA,NA,NA
"1536","MIA","SEA",NA,NA,NA,NA,NA,NA,NA
"1537","PIT","NYN",NA,NA,NA,NA,NA,NA,NA
"1538","SEA",NA,NA,NA,NA,NA,NA,NA,NA
"1539","TEX","CHN","CHN","CHA",NA,NA,NA,NA,NA
"1540","LAA","SEA",NA,NA,NA,NA,NA,NA,NA
"1541","CHA","CHA",NA,NA,NA,NA,NA,NA,NA
"1542","CIN","CIN","CIN","CIN",NA,NA,NA,NA,NA
"1543","DET",NA,NA,NA,NA,NA,NA,NA,NA
"1544","KCA",NA,NA,NA,NA,NA,NA,NA,NA
"1545","MIN",NA,NA,NA,NA,NA,NA,NA,NA
"1546","PHI","PHI","PHI",NA,NA,NA,NA,NA,NA
"1547","DET","DET","DET",NA,NA,NA,NA,NA,NA
"1548","COL",NA,NA,NA,NA,NA,NA,NA,NA
"1549","BOS","BOS","BOS","BOS","BOS",NA,NA,NA,NA
"1550","TEX",NA,NA,NA,NA,NA,NA,NA,NA
"1551","CHN","TOR",NA,NA,NA,NA,NA,NA,NA
"1552","SFN",NA,NA,NA,NA,NA,NA,NA,NA
"1553","KCA","SDN","PHI","PHI",NA,NA,NA,NA,NA
"1554","TOR",NA,NA,NA,NA,NA,NA,NA,NA
"1555","PHI","TEX","COL",NA,NA,NA,NA,NA,NA
"1556","SFN","OAK","OAK","OAK",NA,NA,NA,NA,NA
"1557","COL","COL","COL","COL",NA,NA,NA,NA,NA
"1558","OAK","COL","COL","CLE","NYA",NA,NA,NA,NA
"1559","PIT","ARI","ARI","ATL","NYA","MIL",NA,NA,NA
"1560","BOS",NA,NA,NA,NA,NA,NA,NA,NA
"1561","HOU",NA,NA,NA,NA,NA,NA,NA,NA
"1562","ARI","ARI","ARI",NA,NA,NA,NA,NA,NA
"1563","ARI","SDN",NA,NA,NA,NA,NA,NA,NA
"1564","MIA","MIA","MIA",NA,NA,NA,NA,NA,NA
"1565","COL","COL","COL","COL","ARI","ARI",NA,NA,NA
"1566","LAN","BOS",NA,NA,NA,NA,NA,NA,NA
"1567","NYN","SFN","SFN","SFN","SFN",NA,NA,NA,NA
"1568","COL","PIT","HOU","MIL",NA,NA,NA,NA,NA
"1569","LAA","SDN",NA,NA,NA,NA,NA,NA,NA
"1570","SFN","SFN",NA,NA,NA,NA,NA,NA,NA
"1571","BOS","PHI","PHI","PHI","PHI","WAS",NA,NA,NA
"1572","HOU","HOU","HOU","KCA","BAL","BAL",NA,NA,NA
"1573","CHN","CHN","CHN",NA,NA,NA,NA,NA,NA
"1574","ARI","OAK","OAK",NA,NA,NA,NA,NA,NA
"1575","SFN",NA,NA,NA,NA,NA,NA,NA,NA
"1576","COL","COL",NA,NA,NA,NA,NA,NA,NA
"1577","MIN","MIN","MIN","MIN","BAL",NA,NA,NA,NA
"1578","NYN","NYN","NYN","NYN","NYN",NA,NA,NA,NA
"1579","ARI","ARI","ARI","ARI","MIL","MIL","BAL",NA,NA
"1580","MIL","CIN","CIN","CIN",NA,NA,NA,NA,NA
"1581","SDN","SDN","OAK","OAK","OAK",NA,NA,NA,NA
"1582","CIN","CIN",NA,NA,NA,NA,NA,NA,NA
"1583","NYN",NA,NA,NA,NA,NA,NA,NA,NA
"1584","ATL","ATL","ATL",NA,NA,NA,NA,NA,NA
"1585","ARI","ARI","ARI","ARI",NA,NA,NA,NA,NA
"1586","TOR","SLN",NA,NA,NA,NA,NA,NA,NA
"1587","SDN",NA,NA,NA,NA,NA,NA,NA,NA
"1588","LAN",NA,NA,NA,NA,NA,NA,NA,NA
"1589","TEX","TEX",NA,NA,NA,NA,NA,NA,NA
"1590","BAL","BAL","BAL","BAL","SDN",NA,NA,NA,NA
"1591","SEA","DET","LAA","TOR",NA,NA,NA,NA,NA
"1592","COL","KCA","KCA","CHA",NA,NA,NA,NA,NA
"1593","NYN","BAL",NA,NA,NA,NA,NA,NA,NA
"1594","COL","COL",NA,NA,NA,NA,NA,NA,NA
"1595","LAN","PIT","CIN","CIN","ARI",NA,NA,NA,NA
"1596","MIN","MIN",NA,NA,NA,NA,NA,NA,NA
"1597","SEA","SEA","SEA",NA,NA,NA,NA,NA,NA
"1598","NYA",NA,NA,NA,NA,NA,NA,NA,NA
"1599","WAS","HOU","HOU","HOU",NA,NA,NA,NA,NA
"1600","PIT","BAL","HOU","NYA","BAL","BAL","BAL",NA,NA
"1601","CHA","CHA","CHA","BOS","BOS","SFN","SFN",NA,NA
"1602","LAN","LAN",NA,NA,NA,NA,NA,NA,NA
"1603","BOS","BOS","BOS","BOS","BOS",NA,NA,NA,NA
"1604","SEA","SEA","SEA","KCA","TEX","BOS",NA,NA,NA
"1605","SFN","SFN",NA,NA,NA,NA,NA,NA,NA
"1606","NYN","NYN","MIN","MIN","MIN",NA,NA,NA,NA
"1607","MIL",NA,NA,NA,NA,NA,NA,NA,NA
"1608","KCA","KCA","DET","CIN","CIN",NA,NA,NA,NA
"1609","CHN","TBA","HOU","KCA","TEX",NA,NA,NA,NA
"1610","KCA","KCA",NA,NA,NA,NA,NA,NA,NA
"1611","NYA","NYA","ATL","ATL",NA,NA,NA,NA,NA
"1612","CHA",NA,NA,NA,NA,NA,NA,NA,NA
"1613","ARI","SEA",NA,NA,NA,NA,NA,NA,NA
"1614","HOU","PHI","PHI","SFN","SFN","SFN","SFN",NA,NA
"1615","NYA","HOU",NA,NA,NA,NA,NA,NA,NA
"1616","OAK","OAK","ARI","ARI","ARI","TOR",NA,NA,NA
"1617","DET","SFN","MIA",NA,NA,NA,NA,NA,NA
"1618","ARI","ARI",NA,NA,NA,NA,NA,NA,NA
"1619","DET","DET","DET","SLN","SLN",NA,NA,NA,NA
"1620","TBA","TBA","TBA","TBA","LAN",NA,NA,NA,NA
"1621","MIL","MIL","MIL","MIL",NA,NA,NA,NA,NA
"1622","LAN",NA,NA,NA,NA,NA,NA,NA,NA
"1623","MIN",NA,NA,NA,NA,NA,NA,NA,NA
"1624","SLN","SLN",NA,NA,NA,NA,NA,NA,NA
"1625","LAA",NA,NA,NA,NA,NA,NA,NA,NA
"1626","CLE","CLE","CLE","LAN",NA,NA,NA,NA,NA
"1627","WAS","WAS","NYA","ATL",NA,NA,NA,NA,NA
"1628","DET","DET","DET","DET","MIL",NA,NA,NA,NA
"1629","PHI","MIL","TOR",NA,NA,NA,NA,NA,NA
"1630","SFN","SFN","SFN",NA,NA,NA,NA,NA,NA
"1631","TOR","TOR","TOR",NA,NA,NA,NA,NA,NA
"1632","TEX","TEX","TEX","TEX",NA,NA,NA,NA,NA
"1633","SEA","SEA","ARI","ARI","HOU",NA,NA,NA,NA
"1634","CLE","CLE",NA,NA,NA,NA,NA,NA,NA
"1635","CLE","CLE",NA,NA,NA,NA,NA,NA,NA
"1636","KCA","KCA","KCA","KCA","KCA",NA,NA,NA,NA
"1637","ATL",NA,NA,NA,NA,NA,NA,NA,NA
"1638","MIN","MIN","MIN","MIN","MIN",NA,NA,NA,NA
"1639","DET","WAS",NA,NA,NA,NA,NA,NA,NA
"1640","CLE","CLE","CLE","CLE","LAA","LAA",NA,NA,NA
"1641","FLO","MIA",NA,NA,NA,NA,NA,NA,NA
"1642","SLN",NA,NA,NA,NA,NA,NA,NA,NA
"1643","SDN","ATL",NA,NA,NA,NA,NA,NA,NA
"1644","OAK","MIL",NA,NA,NA,NA,NA,NA,NA
"1645","HOU","NYA",NA,NA,NA,NA,NA,NA,NA
"1646","SFN","SFN","SFN","SFN",NA,NA,NA,NA,NA
"1647","CHA","CHA","CHA",NA,NA,NA,NA,NA,NA
"1648","NYA","NYA",NA,NA,NA,NA,NA,NA,NA
"1649","LAA",NA,NA,NA,NA,NA,NA,NA,NA
"1650","PHI","PHI",NA,NA,NA,NA,NA,NA,NA
"1651","SLN","SLN",NA,NA,NA,NA,NA,NA,NA
"1652","CHA","CHA","OAK",NA,NA,NA,NA,NA,NA
"1653","CLE","CLE","CLE","BAL",NA,NA,NA,NA,NA
"1654","NYA","NYA","NYA","MIA",NA,NA,NA,NA,NA
"1655","CIN","CIN","CIN","CIN","CIN",NA,NA,NA,NA
"1656","SDN",NA,NA,NA,NA,NA,NA,NA,NA
"1657","BAL","BAL","MIA",NA,NA,NA,NA,NA,NA
"1658","CIN",NA,NA,NA,NA,NA,NA,NA,NA
"1659","BAL","PIT",NA,NA,NA,NA,NA,NA,NA
"1660","CHA","PHI","MIA",NA,NA,NA,NA,NA,NA
"1661","CHA","CHA","TEX","BOS","SLN","ATL",NA,NA,NA
"1662","TOR","TOR","TOR",NA,NA,NA,NA,NA,NA
"1663","SFN","SFN","SFN",NA,NA,NA,NA,NA,NA
"1664","PIT","PIT","TEX",NA,NA,NA,NA,NA,NA
"1665","KCA","KCA",NA,NA,NA,NA,NA,NA,NA
"1666","NYA",NA,NA,NA,NA,NA,NA,NA,NA
"1667","SEA","NYA","NYA",NA,NA,NA,NA,NA,NA
"1668","LAA",NA,NA,NA,NA,NA,NA,NA,NA
"1669","MIN","KCA",NA,NA,NA,NA,NA,NA,NA
"1670","MIN","MIN",NA,NA,NA,NA,NA,NA,NA
"1671","NYA","NYA",NA,NA,NA,NA,NA,NA,NA
"1672","SLN",NA,NA,NA,NA,NA,NA,NA,NA
"1673","NYN",NA,NA,NA,NA,NA,NA,NA,NA
"1674","MIN","MIN","MIN","MIN","MIN",NA,NA,NA,NA
"1675","BOS",NA,NA,NA,NA,NA,NA,NA,NA
"1676","PIT","PIT",NA,NA,NA,NA,NA,NA,NA
"1677","MIN","MIN",NA,NA,NA,NA,NA,NA,NA
"1678","PHI","PHI","MIA",NA,NA,NA,NA,NA,NA
"1679","ARI","ARI","ARI","ARI",NA,NA,NA,NA,NA
"1680","COL","COL","COL","OAK","OAK",NA,NA,NA,NA
"1681","BAL",NA,NA,NA,NA,NA,NA,NA,NA
"1682","TOR","TOR",NA,NA,NA,NA,NA,NA,NA
"1683","DET","DET","DET","DET","BOS",NA,NA,NA,NA
"1684","TEX",NA,NA,NA,NA,NA,NA,NA,NA
"1685","NYA",NA,NA,NA,NA,NA,NA,NA,NA
"1686","SFN","SFN","SFN","SFN","SFN",NA,NA,NA,NA
"1687","OAK",NA,NA,NA,NA,NA,NA,NA,NA
"1688","ATL","ATL","ARI","ARI","NYA","MIA",NA,NA,NA
"1689","PIT","PIT","PIT","MIN","HOU","HOU",NA,NA,NA
"1690","MIN","MIN","MIN",NA,NA,NA,NA,NA,NA
"1691","CLE",NA,NA,NA,NA,NA,NA,NA,NA
"1692","TBA","TBA","TBA","TBA","DET","DET","TOR",NA,NA
"1693","NYN","PHI","BAL","COL","OAK",NA,NA,NA,NA
"1694","MIL",NA,NA,NA,NA,NA,NA,NA,NA
"1695","ATL","NYA",NA,NA,NA,NA,NA,NA,NA
"1696","TEX","TEX",NA,NA,NA,NA,NA,NA,NA
"1697","SEA","SEA","SEA",NA,NA,NA,NA,NA,NA
"1698","LAN","LAN","LAN",NA,NA,NA,NA,NA,NA
"1699","SLN","LAA","LAA","LAA","LAA",NA,NA,NA,NA
"1700","SLN","BOS","LAN","LAN","OAK",NA,NA,NA,NA
"1701","TOR","OAK","DET","CHA",NA,NA,NA,NA,NA
"1702","DET","DET","DET",NA,NA,NA,NA,NA,NA
"1703","CLE","COL","CHN","CHA","CHA",NA,NA,NA,NA
"1704","ARI","ARI","ARI","ARI",NA,NA,NA,NA,NA
"1705","SDN","SDN",NA,NA,NA,NA,NA,NA,NA
"1706","SDN","PHI","NYA","PIT","MIA","HOU","HOU",NA,NA
"1707","CHA","SDN","SDN","SDN",NA,NA,NA,NA,NA
"1708","HOU","KCA","PHI","SEA","SEA",NA,NA,NA,NA
"1709","CHA","CHA","CHA","CHA",NA,NA,NA,NA,NA
"1710","TEX","NYN","BAL","NYN","NYN",NA,NA,NA,NA
"1711","BOS","SFN","SFN",NA,NA,NA,NA,NA,NA
"1712","DET","DET","CLE","CLE","CLE",NA,NA,NA,NA
"1713","CHN","CHN",NA,NA,NA,NA,NA,NA,NA
"1714","CHA","CHA","CHA","CHA","CHA",NA,NA,NA,NA
"1715","CHN","MIL","MIL","MIL","MIL","PIT",NA,NA,NA
"1716","NYN",NA,NA,NA,NA,NA,NA,NA,NA
"1717","SEA","SEA","SEA","TBA",NA,NA,NA,NA,NA
"1718","FLO","MIA","LAN","LAN","LAN","BOS",NA,NA,NA
"1719","LAA",NA,NA,NA,NA,NA,NA,NA,NA
"1720","PHI","ARI","SEA",NA,NA,NA,NA,NA,NA
"1721","CLE","CLE","CLE",NA,NA,NA,NA,NA,NA
"1722","NYA","NYA","SEA",NA,NA,NA,NA,NA,NA
"1723","TBA",NA,NA,NA,NA,NA,NA,NA,NA
"1724","CHN","CHN",NA,NA,NA,NA,NA,NA,NA
"1725","BOS",NA,NA,NA,NA,NA,NA,NA,NA
"1726","SFN","NYN","SFN","BAL",NA,NA,NA,NA,NA
"1727","ATL","MIN",NA,NA,NA,NA,NA,NA,NA
"1728","MIA","MIA","MIA","MIA",NA,NA,NA,NA,NA
"1729","TBA","TBA","TBA","TBA","LAA",NA,NA,NA,NA
"1730","WAS","WAS","WAS","WAS","WAS",NA,NA,NA,NA
"1731","BOS","TEX",NA,NA,NA,NA,NA,NA,NA
"1732","ARI","ARI","MIL","ARI","SDN","CHN",NA,NA,NA
"1733","BAL","NYA","CLE",NA,NA,NA,NA,NA,NA
"1734","SLN","TOR","TOR","TOR","TOR","HOU",NA,NA,NA
"1735","ATL","LAA","LAA","LAA",NA,NA,NA,NA,NA
"1736","TOR","TOR","SEA",NA,NA,NA,NA,NA,NA
"1737","TOR","NYN","MIA",NA,NA,NA,NA,NA,NA
"1738","LAN",NA,NA,NA,NA,NA,NA,NA,NA
"1739","SEA",NA,NA,NA,NA,NA,NA,NA,NA
"1740","DET","ARI",NA,NA,NA,NA,NA,NA,NA
"1741","SDN",NA,NA,NA,NA,NA,NA,NA,NA
"1742","MIA","MIA",NA,NA,NA,NA,NA,NA,NA
"1743","SDN",NA,NA,NA,NA,NA,NA,NA,NA
"1744","OAK","OAK","CHN","NYN","NYN","NYN",NA,NA,NA
"1745","BOS","OAK","OAK","OAK","OAK",NA,NA,NA,NA
"1746","CIN","TOR","TOR","TOR",NA,NA,NA,NA,NA
"1747","CHA","CHA","CHA","ARI","ARI","NYN",NA,NA,NA
"1748","MIA",NA,NA,NA,NA,NA,NA,NA,NA
"1749","DET","DET",NA,NA,NA,NA,NA,NA,NA
"1750","MIL",NA,NA,NA,NA,NA,NA,NA,NA
"1751","MIL",NA,NA,NA,NA,NA,NA,NA,NA
"1752","NYA",NA,NA,NA,NA,NA,NA,NA,NA
"1753","PIT",NA,NA,NA,NA,NA,NA,NA,NA
"1754","BAL","BAL","BAL","TOR","ARI","BAL",NA,NA,NA
"1755","CIN",NA,NA,NA,NA,NA,NA,NA,NA
"1756","WAS","WAS","WAS",NA,NA,NA,NA,NA,NA
"1757","CIN",NA,NA,NA,NA,NA,NA,NA,NA
"1758","MIN","BOS",NA,NA,NA,NA,NA,NA,NA
"1759","PIT","PIT","OAK",NA,NA,NA,NA,NA,NA
"1760","MIN","MIN","PHI","PHI","PHI","TOR",NA,NA,NA
"1761","BOS",NA,NA,NA,NA,NA,NA,NA,NA
"1762","NYN","MIA","TOR","TOR","TOR","COL",NA,NA,NA
"1763","TOR","BAL","LAA",NA,NA,NA,NA,NA,NA
"1764","COL","CIN",NA,NA,NA,NA,NA,NA,NA
"1765","BAL","BAL","CLE","NYA","MIL","SLN",NA,NA,NA
"1766","COL","COL","ARI","ARI",NA,NA,NA,NA,NA
"1767","TEX","SLN",NA,NA,NA,NA,NA,NA,NA
"1768","DET","TBA",NA,NA,NA,NA,NA,NA,NA
"1769","NYN","NYN",NA,NA,NA,NA,NA,NA,NA
"1770","ATL","NYA",NA,NA,NA,NA,NA,NA,NA
"1771","SDN","SDN","SDN","CHN",NA,NA,NA,NA,NA
"1772","LAA","LAA","LAA","LAA","LAA",NA,NA,NA,NA
"1773","TOR","TOR",NA,NA,NA,NA,NA,NA,NA
"1774","TBA","TBA",NA,NA,NA,NA,NA,NA,NA
"1775","CHA","CHA","MIA",NA,NA,NA,NA,NA,NA
"1776","CHA","CHA","CHA","TEX","TEX","KCA",NA,NA,NA
"1777","BOS",NA,NA,NA,NA,NA,NA,NA,NA
"1778","WAS",NA,NA,NA,NA,NA,NA,NA,NA
"1779","TOR","LAN","LAN",NA,NA,NA,NA,NA,NA
"1780","NYA","NYA","NYA",NA,NA,NA,NA,NA,NA
"1781","MIL",NA,NA,NA,NA,NA,NA,NA,NA
"1782","MIN","SDN","SDN","TBA",NA,NA,NA,NA,NA
"1783","MIL",NA,NA,NA,NA,NA,NA,NA,NA
"1784","SDN","CHN","CHN","CHN","CHN",NA,NA,NA,NA
"1785","SDN","CHN",NA,NA,NA,NA,NA,NA,NA
"1786","WAS","WAS","WAS",NA,NA,NA,NA,NA,NA
"1787","BAL","BAL","BAL","NYA",NA,NA,NA,NA,NA
"1788","NYA","NYA","NYA","NYA","CHA",NA,NA,NA,NA
"1789","TEX","LAA",NA,NA,NA,NA,NA,NA,NA
"1790","COL","PHI",NA,NA,NA,NA,NA,NA,NA
"1791","ARI","ARI","TBA","TBA","BOS",NA,NA,NA,NA
"1792","MIN","MIN",NA,NA,NA,NA,NA,NA,NA
"1793","SDN",NA,NA,NA,NA,NA,NA,NA,NA
"1794","KCA","LAN","WAS",NA,NA,NA,NA,NA,NA
"1795","CIN",NA,NA,NA,NA,NA,NA,NA,NA
"1796","SLN","SLN","SLN","SLN","MIN",NA,NA,NA,NA
"1797","SEA","SEA",NA,NA,NA,NA,NA,NA,NA
"1798","NYN",NA,NA,NA,NA,NA,NA,NA,NA
"1799","PHI",NA,NA,NA,NA,NA,NA,NA,NA
"1800","LAA","TBA","TBA","SEA","SEA","CHN",NA,NA,NA
"1801","CHA",NA,NA,NA,NA,NA,NA,NA,NA
"1802","NYA","NYA","NYA","NYA",NA,NA,NA,NA,NA
"1803","HOU","HOU",NA,NA,NA,NA,NA,NA,NA
"1804","SDN",NA,NA,NA,NA,NA,NA,NA,NA
"1805","BOS",NA,NA,NA,NA,NA,NA,NA,NA
"1806","HOU","HOU","OAK","OAK",NA,NA,NA,NA,NA
"1807","NYN","MIL","MIL","MIL","BAL","MIL","MIL",NA,NA
"1808","LAA",NA,NA,NA,NA,NA,NA,NA,NA
"1809","TEX",NA,NA,NA,NA,NA,NA,NA,NA
"1810","WAS","WAS","WAS","CHN","MIA",NA,NA,NA,NA
"1811","CIN","CIN",NA,NA,NA,NA,NA,NA,NA
"1812","WAS",NA,NA,NA,NA,NA,NA,NA,NA
"1813","PIT",NA,NA,NA,NA,NA,NA,NA,NA
"1814","SEA",NA,NA,NA,NA,NA,NA,NA,NA
"1815","TBA","TBA","TBA","TBA","PIT",NA,NA,NA,NA
"1816","LAN","LAN","LAN","LAN",NA,NA,NA,NA,NA
"1817","HOU","HOU","PIT","PIT","PIT","TEX",NA,NA,NA
"1818","KCA",NA,NA,NA,NA,NA,NA,NA,NA
"1819","CIN",NA,NA,NA,NA,NA,NA,NA,NA
"1820","ARI","NYA","BAL",NA,NA,NA,NA,NA,NA
"1821","COL","COL","MIN",NA,NA,NA,NA,NA,NA
"1822","COL","COL","CLE","TOR","TOR","NYA","NYA",NA,NA
"1823","MIL","MIL",NA,NA,NA,NA,NA,NA,NA
"1824","MIL",NA,NA,NA,NA,NA,NA,NA,NA
"1825","SFN",NA,NA,NA,NA,NA,NA,NA,NA
"1826","LAN","MIA",NA,NA,NA,NA,NA,NA,NA
"1827","CIN","CIN",NA,NA,NA,NA,NA,NA,NA
"1828","SEA",NA,NA,NA,NA,NA,NA,NA,NA
"1829","PHI","PHI","PHI","PHI","LAN",NA,NA,NA,NA
"1830","LAN","ARI",NA,NA,NA,NA,NA,NA,NA
"1831","TBA","TBA",NA,NA,NA,NA,NA,NA,NA
"1832","PHI","COL","SLN","BAL",NA,NA,NA,NA,NA
"1833","TOR","TOR","TOR",NA,NA,NA,NA,NA,NA
"1834","SEA","SEA",NA,NA,NA,NA,NA,NA,NA
"1835","LAA","LAA","LAA","DET","DET",NA,NA,NA,NA
"1836","NYA","NYA","NYA","NYA",NA,NA,NA,NA,NA
"1837","SFN","SFN","SFN","SFN","SFN",NA,NA,NA,NA
"1838","DET","DET",NA,NA,NA,NA,NA,NA,NA
"1839","CHN","CHN","CHN",NA,NA,NA,NA,NA,NA
"1840","SLN","COL","BAL",NA,NA,NA,NA,NA,NA
"1841","OAK","OAK","OAK","TEX","TEX","TEX",NA,NA,NA
"1842","MIN",NA,NA,NA,NA,NA,NA,NA,NA
"1843","FLO","MIA","SFN",NA,NA,NA,NA,NA,NA
"1844","COL","COL","COL","COL","COL",NA,NA,NA,NA
"1845","PHI","PHI","PHI",NA,NA,NA,NA,NA,NA
"1846","SLN","SLN","SLN","SLN",NA,NA,NA,NA,NA
"1847","TEX","PHI",NA,NA,NA,NA,NA,NA,NA
"1848","SFN","BOS","ARI","ARI","OAK",NA,NA,NA,NA
"1849","CHN","CHN","CHN",NA,NA,NA,NA,NA,NA
"1850","ATL","ATL","BOS","BOS","CHN",NA,NA,NA,NA
"1851","WAS",NA,NA,NA,NA,NA,NA,NA,NA
"1852","TEX","TEX","TEX","BOS",NA,NA,NA,NA,NA
"1853","OAK","OAK","SDN","SDN","SDN",NA,NA,NA,NA
"1854","LAA","LAA",NA,NA,NA,NA,NA,NA,NA
"1855","FLO","NYN","CLE",NA,NA,NA,NA,NA,NA
"1856","SFN",NA,NA,NA,NA,NA,NA,NA,NA
"1857","TEX",NA,NA,NA,NA,NA,NA,NA,NA
"1858","ARI",NA,NA,NA,NA,NA,NA,NA,NA
"1859","TEX","TEX",NA,NA,NA,NA,NA,NA,NA
"1860","LAA","LAA",NA,NA,NA,NA,NA,NA,NA
"1861","PHI","PHI","PHI","PHI",NA,NA,NA,NA,NA
"1862","DET","SEA","SEA",NA,NA,NA,NA,NA,NA
"1863","TBA","MIA","MIA","CHN","SEA","LAN",NA,NA,NA
"1864","PHI","PHI","PHI","PHI","PHI",NA,NA,NA,NA
"1865","NYA",NA,NA,NA,NA,NA,NA,NA,NA
"1866","SFN","SFN",NA,NA,NA,NA,NA,NA,NA
"1867","BAL",NA,NA,NA,NA,NA,NA,NA,NA
"1868","PHI","PHI","PHI",NA,NA,NA,NA,NA,NA
"1869","CHN","CHN","CHN","COL",NA,NA,NA,NA,NA
"1870","TBA",NA,NA,NA,NA,NA,NA,NA,NA
"1871","CHN",NA,NA,NA,NA,NA,NA,NA,NA
"1872","CHN","CHN","CHN","CHN","ATL","CHN",NA,NA,NA
"1873","COL","COL","COL","BOS",NA,NA,NA,NA,NA
"1874","SEA","SEA","SEA","NYA","NYA","NYA",NA,NA,NA
"1875","DET","DET",NA,NA,NA,NA,NA,NA,NA
"1876","LAN","LAN",NA,NA,NA,NA,NA,NA,NA
"1877","TOR","SLN","SLN","SLN","CLE","CLE","CLE","SDN",NA
"1878","NYA","NYA","NYA","NYA","NYA",NA,NA,NA,NA
"1879","PIT","PIT",NA,NA,NA,NA,NA,NA,NA
"1880","MIL","ARI",NA,NA,NA,NA,NA,NA,NA
"1881","CHA",NA,NA,NA,NA,NA,NA,NA,NA
"1882","SLN","SLN","SLN","LAA","LAA",NA,NA,NA,NA
"1883","CLE","CLE","CLE",NA,NA,NA,NA,NA,NA
"1884","CHA","CHA","CHA","CHA","CHA",NA,NA,NA,NA
"1885","BOS","BOS","BOS","MIA","MIA","ARI",NA,NA,NA
"1886","CHN","CHN","CHN","CHN","OAK","CHA",NA,NA,NA
"1887","CIN",NA,NA,NA,NA,NA,NA,NA,NA
"1888","FLO","MIA",NA,NA,NA,NA,NA,NA,NA
"1889","TOR","TOR",NA,NA,NA,NA,NA,NA,NA
"1890","FLO","MIA","DET","DET","DET","DET",NA,NA,NA
"1891","HOU","CHA",NA,NA,NA,NA,NA,NA,NA
"1892","FLO","PHI",NA,NA,NA,NA,NA,NA,NA
"1893","CHA","CHA",NA,NA,NA,NA,NA,NA,NA
"1894","SLN","SLN","CHN",NA,NA,NA,NA,NA,NA
"1895","SFN",NA,NA,NA,NA,NA,NA,NA,NA
"1896","FLO","MIA","PIT","PIT","PIT",NA,NA,NA,NA
"1897","NYA",NA,NA,NA,NA,NA,NA,NA,NA
"1898","SFN","SFN","SFN","SFN","SFN",NA,NA,NA,NA
"1899","SFN","KCA","COL","PIT",NA,NA,NA,NA,NA
"1900","PIT","PIT","PIT",NA,NA,NA,NA,NA,NA
"1901","SFN","SFN","SFN","SFN","BOS",NA,NA,NA,NA
"1902","LAN","LAN","TBA","CLE",NA,NA,NA,NA,NA
"1903","NYA",NA,NA,NA,NA,NA,NA,NA,NA
"1904","MIN",NA,NA,NA,NA,NA,NA,NA,NA
"1905","CLE","CLE","CLE","CLE","CLE",NA,NA,NA,NA
"1906","MIN","MIN",NA,NA,NA,NA,NA,NA,NA
"1907","HOU","HOU","MIL",NA,NA,NA,NA,NA,NA
"1908","LAA","LAA","KCA","ATL","MIN",NA,NA,NA,NA
"1909","NYN",NA,NA,NA,NA,NA,NA,NA,NA
"1910","CHA","CHA","CHA","LAA","LAA",NA,NA,NA,NA
"1911","DET","DET","DET","CIN",NA,NA,NA,NA,NA
"1912","DET","DET","CLE",NA,NA,NA,NA,NA,NA
"1913","CHA","TOR","TOR","TOR","LAN","NYA",NA,NA,NA
"1914","CIN","CHN","CHN",NA,NA,NA,NA,NA,NA
"1915","PHI",NA,NA,NA,NA,NA,NA,NA,NA
"1916","TEX","MIL",NA,NA,NA,NA,NA,NA,NA
"1917","NYN","NYN","NYN","NYN",NA,NA,NA,NA,NA
"1918","ARI","ARI","BAL","SEA","TEX","BAL",NA,NA,NA
"1919","SEA","SEA","SEA","SEA","TOR",NA,NA,NA,NA
"1920","PHI","PHI","PHI","OAK",NA,NA,NA,NA,NA
"1921","COL","COL","COL","PIT",NA,NA,NA,NA,NA
"1922","ATL","HOU","HOU","ATL","ATL","MIN","MIN",NA,NA
"1923","MIL","MIL","MIL","MIL","MIL",NA,NA,NA,NA
"1924","LAN",NA,NA,NA,NA,NA,NA,NA,NA
"1925","TEX","TEX","TEX","TEX",NA,NA,NA,NA,NA
"1926","DET","DET","DET","DET","WAS",NA,NA,NA,NA
"1927","SFN","SFN","PHI","CHN","CHN","WAS",NA,NA,NA
"1928","DET","DET",NA,NA,NA,NA,NA,NA,NA
"1929","CHN","CHN",NA,NA,NA,NA,NA,NA,NA
"1930","ATL",NA,NA,NA,NA,NA,NA,NA,NA
"1931","ARI",NA,NA,NA,NA,NA,NA,NA,NA
"1932","PHI","PHI",NA,NA,NA,NA,NA,NA,NA
"1933","BAL","BAL","BAL",NA,NA,NA,NA,NA,NA
"1934","ARI",NA,NA,NA,NA,NA,NA,NA,NA
"1935","ARI","TOR",NA,NA,NA,NA,NA,NA,NA
"1936","SLN","SLN","LAN","CIN","CIN",NA,NA,NA,NA
"1937","CHN",NA,NA,NA,NA,NA,NA,NA,NA
"1938","NYN","NYN",NA,NA,NA,NA,NA,NA,NA
"1939","PHI","PHI",NA,NA,NA,NA,NA,NA,NA
"1940","BAL","TBA","TBA",NA,NA,NA,NA,NA,NA
"1941","SDN","OAK","OAK","OAK","OAK",NA,NA,NA,NA
"1942","SLN","SLN",NA,NA,NA,NA,NA,NA,NA
"1943","BOS","COL","SFN","SFN","SFN",NA,NA,NA,NA
"1944","LAN",NA,NA,NA,NA,NA,NA,NA,NA
"1945","SEA","SEA","SEA","SEA","SEA",NA,NA,NA,NA
"1946","CLE",NA,NA,NA,NA,NA,NA,NA,NA
"1947","LAA","MIL","MIL","MIL","MIL",NA,NA,NA,NA
"1948","LAN","LAN","LAN","CLE",NA,NA,NA,NA,NA
"1949","CHA","CHA","OAK",NA,NA,NA,NA,NA,NA
"1950","CHA",NA,NA,NA,NA,NA,NA,NA,NA
"1951","WAS",NA,NA,NA,NA,NA,NA,NA,NA
"1952","NYA",NA,NA,NA,NA,NA,NA,NA,NA
"1953","WAS",NA,NA,NA,NA,NA,NA,NA,NA
"1954","TBA",NA,NA,NA,NA,NA,NA,NA,NA
"1955","ARI","ARI","CLE","CLE","CLE",NA,NA,NA,NA
"1956","BOS",NA,NA,NA,NA,NA,NA,NA,NA
"1957","ATL",NA,NA,NA,NA,NA,NA,NA,NA
"1958","ATL","SEA",NA,NA,NA,NA,NA,NA,NA
"1959","TBA","TBA","KCA","KCA","SDN",NA,NA,NA,NA
"1960","LAA","LAA","LAA",NA,NA,NA,NA,NA,NA
"1961","TBA","BOS","NYN","SEA","CLE",NA,NA,NA,NA
"1962","ATL","NYA",NA,NA,NA,NA,NA,NA,NA
"1963","HOU","LAA","LAA","CLE","CHA",NA,NA,NA,NA
"1964","SLN","SLN","SLN",NA,NA,NA,NA,NA,NA
"1965","TOR","TOR","TOR","CHA",NA,NA,NA,NA,NA
"1966","ATL","ATL","ATL","ATL",NA,NA,NA,NA,NA
"1967","ATL",NA,NA,NA,NA,NA,NA,NA,NA
"1968","BAL","CIN","CIN","CIN","DET",NA,NA,NA,NA
"1969","HOU","HOU",NA,NA,NA,NA,NA,NA,NA
"1970","CLE","CLE","ARI","HOU","HOU",NA,NA,NA,NA
"1971","CLE","BOS","PHI","PHI","TBA",NA,NA,NA,NA
"1972","DET","OAK","OAK","NYA",NA,NA,NA,NA,NA
"1973","ARI","ARI","LAA",NA,NA,NA,NA,NA,NA
"1974","MIA",NA,NA,NA,NA,NA,NA,NA,NA
"1975","MIN",NA,NA,NA,NA,NA,NA,NA,NA
"1976","WAS","PIT",NA,NA,NA,NA,NA,NA,NA
"1977","MIN","MIA","MIA",NA,NA,NA,NA,NA,NA
"1978","SDN",NA,NA,NA,NA,NA,NA,NA,NA
"1979","SEA","SEA",NA,NA,NA,NA,NA,NA,NA
"1980","DET","OAK",NA,NA,NA,NA,NA,NA,NA
"1981","CLE","CLE","CLE","LAA","LAA",NA,NA,NA,NA
"1982","CIN",NA,NA,NA,NA,NA,NA,NA,NA
"1983","CIN",NA,NA,NA,NA,NA,NA,NA,NA
"1984","COL","OAK","OAK","SDN","SEA",NA,NA,NA,NA
"1985","KCA","KCA","MIL","MIL",NA,NA,NA,NA,NA
"1986","SEA","SEA","SEA","SEA","TOR",NA,NA,NA,NA
"1987","TEX","TEX","OAK",NA,NA,NA,NA,NA,NA
"1988","DET","DET","DET","TBA","TBA",NA,NA,NA,NA
"1989","TOR","TOR","PIT","PIT","PIT","BAL","PIT",NA,NA
"1990","CHA",NA,NA,NA,NA,NA,NA,NA,NA
"1991","CHN","TEX",NA,NA,NA,NA,NA,NA,NA
"1992","BAL","TEX","BOS",NA,NA,NA,NA,NA,NA
"1993","PIT","HOU","BAL",NA,NA,NA,NA,NA,NA
"1994","BAL","CHN","SLN",NA,NA,NA,NA,NA,NA
"1995","OAK","OAK","OAK","OAK","OAK",NA,NA,NA,NA
"1996","MIA","MIA","MIA","MIA",NA,NA,NA,NA,NA
"1997","WAS","WAS","MIA",NA,NA,NA,NA,NA,NA
"1998","NYA","SDN","SDN",NA,NA,NA,NA,NA,NA
"1999","CHN","CHN",NA,NA,NA,NA,NA,NA,NA
"2000","SDN","TBA",NA,NA,NA,NA,NA,NA,NA
"2001","WAS",NA,NA,NA,NA,NA,NA,NA,NA
"2002","TBA",NA,NA,NA,NA,NA,NA,NA,NA
"2003","CHN","CHN","CHN","NYA","NYA",NA,NA,NA,NA
"2004","KCA","TEX","TEX","DET","DET","PIT",NA,NA,NA
"2005","NYA","NYA","WAS","WAS","CHN",NA,NA,NA,NA
"2006","HOU",NA,NA,NA,NA,NA,NA,NA,NA
"2007","CHN","CHN","TEX","TEX","TEX","OAK","CHA",NA,NA
"2008","CLE",NA,NA,NA,NA,NA,NA,NA,NA
"2009","CIN","CIN",NA,NA,NA,NA,NA,NA,NA
"2010","WAS","TBA",NA,NA,NA,NA,NA,NA,NA
"2011","MIN","MIN","WAS","WAS","WAS",NA,NA,NA,NA
"2012","SDN","SDN",NA,NA,NA,NA,NA,NA,NA
"2013","BOS","BOS",NA,NA,NA,NA,NA,NA,NA
"2014","SDN","SDN",NA,NA,NA,NA,NA,NA,NA
"2015","COL",NA,NA,NA,NA,NA,NA,NA,NA
"2016","HOU","HOU",NA,NA,NA,NA,NA,NA,NA
"2017","ARI","ARI",NA,NA,NA,NA,NA,NA,NA
"2018","WAS",NA,NA,NA,NA,NA,NA,NA,NA
"2019","WAS","WAS","WAS","WAS","WAS",NA,NA,NA,NA
"2020","LAA",NA,NA,NA,NA,NA,NA,NA,NA
"2021","SLN",NA,NA,NA,NA,NA,NA,NA,NA
"2022","FLO","MIA","MIA","MIA","MIA",NA,NA,NA,NA
"2023","HOU","HOU","HOU",NA,NA,NA,NA,NA,NA
"2024","SDN","SDN","SDN","SDN","MIN","NYN",NA,NA,NA
"2025","MIL",NA,NA,NA,NA,NA,NA,NA,NA
"2026","CHN",NA,NA,NA,NA,NA,NA,NA,NA
"2027","SFN","NYA","NYA","PIT","PIT",NA,NA,NA,NA
"2028","COL","CHN","LAA",NA,NA,NA,NA,NA,NA
"2029","TOR","CHA","CHA","BOS",NA,NA,NA,NA,NA
"2030","NYN","MIL","BAL","BAL",NA,NA,NA,NA,NA
"2031","ARI","ARI",NA,NA,NA,NA,NA,NA,NA
"2032","WAS","WAS","WAS","WAS","WAS",NA,NA,NA,NA
"2033","HOU","TOR",NA,NA,NA,NA,NA,NA,NA
"2034","OAK","OAK","OAK","CHN","HOU",NA,NA,NA,NA
"2035","WAS","WAS","WAS","WAS","WAS",NA,NA,NA,NA
"2036","TEX",NA,NA,NA,NA,NA,NA,NA,NA
"2037","COL","SDN","SDN","SDN","LAA","LAA",NA,NA,NA
"2038","SFN","SFN",NA,NA,NA,NA,NA,NA,NA
"2039","TOR","TOR",NA,NA,NA,NA,NA,NA,NA
"2040","TEX","BAL","BAL","BAL","CHN","CHN","CHN",NA,NA
"2041","CIN","CIN","CLE","COL","COL","TEX",NA,NA,NA
"2042","COL","CHA","SDN","SDN","SDN","ATL",NA,NA,NA
"2043","PHI","PHI","PHI",NA,NA,NA,NA,NA,NA
"2044","DET","CIN",NA,NA,NA,NA,NA,NA,NA
"2045","SEA","SEA","SEA",NA,NA,NA,NA,NA,NA
"2046","SDN",NA,NA,NA,NA,NA,NA,NA,NA
"2047","SFN","SFN","CHA","LAN",NA,NA,NA,NA,NA
"2048","SFN","SFN",NA,NA,NA,NA,NA,NA,NA
"2049","PHI",NA,NA,NA,NA,NA,NA,NA,NA
"2050","BOS","TBA","PIT",NA,NA,NA,NA,NA,NA
"2051","SEA","SEA","NYA","NYA","NYA","MIA",NA,NA,NA
"2052","OAK","OAK","WAS","WAS","OAK","MIN","MIN",NA,NA
"2053","MIN","MIN","MIN","MIN","CLE",NA,NA,NA,NA
"2054","PHI",NA,NA,NA,NA,NA,NA,NA,NA
"2055","OAK","BOS","CHN","CHN",NA,NA,NA,NA,NA
"2056","BOS",NA,NA,NA,NA,NA,NA,NA,NA
"2057","NYA","NYA","CLE","CLE","CLE","ATL",NA,NA,NA
"2058","NYN",NA,NA,NA,NA,NA,NA,NA,NA
"2059","CHN","CHN",NA,NA,NA,NA,NA,NA,NA
"2060","PIT","PIT","PIT","PIT","PIT",NA,NA,NA,NA
"2061","LAA","LAA","PIT","CHN",NA,NA,NA,NA,NA
"2062","CLE",NA,NA,NA,NA,NA,NA,NA,NA
"2063","SLN","TOR",NA,NA,NA,NA,NA,NA,NA
"2064","SFN",NA,NA,NA,NA,NA,NA,NA,NA
"2065","NYA","NYA",NA,NA,NA,NA,NA,NA,NA
"2066","SLN",NA,NA,NA,NA,NA,NA,NA,NA
"2067","TEX","TEX",NA,NA,NA,NA,NA,NA,NA
"2068","BAL",NA,NA,NA,NA,NA,NA,NA,NA
"2069","SLN",NA,NA,NA,NA,NA,NA,NA,NA
"2070","LAA",NA,NA,NA,NA,NA,NA,NA,NA
"2071","SEA","SEA",NA,NA,NA,NA,NA,NA,NA
"2072","OAK","OAK","OAK","CHA",NA,NA,NA,NA,NA
"2073","WAS","WAS",NA,NA,NA,NA,NA,NA,NA
"2074","BOS","BOS","BOS","BOS","BOS",NA,NA,NA,NA
"2075","KCA","KCA","KCA","TBA",NA,NA,NA,NA,NA
"2076","TEX","BAL","BAL","NYN","CHN",NA,NA,NA,NA
"2077","CHA","TOR",NA,NA,NA,NA,NA,NA,NA
"2078","ATL","ATL","ATL","ATL","ATL",NA,NA,NA,NA
"2079","NYA","NYA","NYA","NYA","NYA",NA,NA,NA,NA
"2080","SFN","KCA",NA,NA,NA,NA,NA,NA,NA
"2081","NYN","NYN","NYN","NYN","NYN",NA,NA,NA,NA
"2082","KCA",NA,NA,NA,NA,NA,NA,NA,NA
"2083","SDN","SDN","CHA",NA,NA,NA,NA,NA,NA
"2084","TEX","TEX","MIA",NA,NA,NA,NA,NA,NA
"2085","TOR",NA,NA,NA,NA,NA,NA,NA,NA
"2086","TEX","TEX",NA,NA,NA,NA,NA,NA,NA
"2087","ATL","ATL","ATL",NA,NA,NA,NA,NA,NA
"2088","KCA",NA,NA,NA,NA,NA,NA,NA,NA
"2089","TOR","TOR","SEA",NA,NA,NA,NA,NA,NA
"2090","LAN",NA,NA,NA,NA,NA,NA,NA,NA
"2091","SDN","SDN","SDN","ARI","ARI","LAA","HOU",NA,NA
"2092","NYN","SDN","SDN","SDN","SDN",NA,NA,NA,NA
"2093","SLN","SFN",NA,NA,NA,NA,NA,NA,NA
"2094","MIN","MIN","MIN",NA,NA,NA,NA,NA,NA
"2095","NYN","NYN","TOR","TOR","TOR",NA,NA,NA,NA
"2096","DET",NA,NA,NA,NA,NA,NA,NA,NA
"2097","DET","MIN","MIN",NA,NA,NA,NA,NA,NA
"2098","ATL","ATL","LAN",NA,NA,NA,NA,NA,NA
"2099","BOS","NYA",NA,NA,NA,NA,NA,NA,NA
"2100","MIN","CLE","PHI","BAL",NA,NA,NA,NA,NA
"2101","PIT","MIN","MIN",NA,NA,NA,NA,NA,NA
"2102","CIN",NA,NA,NA,NA,NA,NA,NA,NA
"2103","TBA",NA,NA,NA,NA,NA,NA,NA,NA
"2104","LAA","LAA","OAK",NA,NA,NA,NA,NA,NA
"2105","CHA",NA,NA,NA,NA,NA,NA,NA,NA
"2106","CHA",NA,NA,NA,NA,NA,NA,NA,NA
"2107","CHA","CHA","CHA","BOS","NYA","WAS","WAS",NA,NA
"2108","MIL","MIL","MIL","MIL",NA,NA,NA,NA,NA
"2109","FLO",NA,NA,NA,NA,NA,NA,NA,NA
"2110","BAL","BAL","BAL","BAL","BAL",NA,NA,NA,NA
"2111","TEX",NA,NA,NA,NA,NA,NA,NA,NA
"2112","MIN",NA,NA,NA,NA,NA,NA,NA,NA
"2113","LAN","LAN","TEX","TEX",NA,NA,NA,NA,NA
"2114","BAL","TOR","TOR",NA,NA,NA,NA,NA,NA
"2115","ARI",NA,NA,NA,NA,NA,NA,NA,NA
"2116","TEX",NA,NA,NA,NA,NA,NA,NA,NA
"2117","CLE","CLE","CLE","CLE","CLE",NA,NA,NA,NA
"2118","SFN",NA,NA,NA,NA,NA,NA,NA,NA
"2119","MIN","MIN","MIN",NA,NA,NA,NA,NA,NA
"2120","PIT",NA,NA,NA,NA,NA,NA,NA,NA
"2121","TBA","TBA","SDN","NYN",NA,NA,NA,NA,NA
"2122","SFN","NYN","SFN",NA,NA,NA,NA,NA,NA
"2123","COL","NYN","NYN","NYN",NA,NA,NA,NA,NA
"2124","LAN",NA,NA,NA,NA,NA,NA,NA,NA
"2125","TEX","TEX","TOR","MIL","COL",NA,NA,NA,NA
"2126","MIN",NA,NA,NA,NA,NA,NA,NA,NA
"2127","NYN","NYN",NA,NA,NA,NA,NA,NA,NA
"2128","HOU",NA,NA,NA,NA,NA,NA,NA,NA
"2129","WAS","WAS",NA,NA,NA,NA,NA,NA,NA
"2130","NYA",NA,NA,NA,NA,NA,NA,NA,NA
"2131","TOR",NA,NA,NA,NA,NA,NA,NA,NA
"2132","KCA","TEX","LAN",NA,NA,NA,NA,NA,NA
"2133","WAS","WAS",NA,NA,NA,NA,NA,NA,NA
"2134","SEA","SEA","LAN",NA,NA,NA,NA,NA,NA
"2135","LAN","CHA",NA,NA,NA,NA,NA,NA,NA
"2136","HOU","LAA",NA,NA,NA,NA,NA,NA,NA
"2137","LAA","LAA","LAA","LAA","LAA",NA,NA,NA,NA
"2138","LAA","LAA","LAA","ARI","ARI","SEA",NA,NA,NA
"2139","LAN",NA,NA,NA,NA,NA,NA,NA,NA
"2140","HOU",NA,NA,NA,NA,NA,NA,NA,NA
"2141","TEX",NA,NA,NA,NA,NA,NA,NA,NA
"2142","DET",NA,NA,NA,NA,NA,NA,NA,NA
"2143","SLN","SLN",NA,NA,NA,NA,NA,NA,NA
"2144","COL","COL","COL","COL","COL","TOR",NA,NA,NA
"2145","DET","DET","MIA","MIA","MIA","CHN",NA,NA,NA
"2146","NYN","NYN","NYN","LAN","LAN",NA,NA,NA,NA
"2147","WAS",NA,NA,NA,NA,NA,NA,NA,NA
"2148","BAL","TEX","TEX","BOS","BOS","BOS",NA,NA,NA
"2149","ATL","ATL","ATL","ATL","SFN","WAS",NA,NA,NA
"2150","TBA","TBA","ATL","ATL","SDN",NA,NA,NA,NA
"2151","ARI","ARI","ATL","ATL","SDN",NA,NA,NA,NA
"2152","MIA",NA,NA,NA,NA,NA,NA,NA,NA
"2153","LAN","LAN","LAN","LAN","LAN","ATL","NYN",NA,NA
"2154","BAL","BAL",NA,NA,NA,NA,NA,NA,NA
"2155","CLE",NA,NA,NA,NA,NA,NA,NA,NA
"2156","PHI","PHI","PHI","PHI","PHI","LAN",NA,NA,NA
"2157","CIN","MIA","CHN",NA,NA,NA,NA,NA,NA
"2158","CLE","CHN","CHN","CHN","HOU",NA,NA,NA,NA
"2159","HOU","HOU",NA,NA,NA,NA,NA,NA,NA
"2160","NYN","NYN","MIA","MIA",NA,NA,NA,NA,NA
"2161","DET",NA,NA,NA,NA,NA,NA,NA,NA
"2162","ATL","CLE","CHN","BAL",NA,NA,NA,NA,NA
"2163","TEX",NA,NA,NA,NA,NA,NA,NA,NA
"2164","SLN","NYA","PHI","PHI","HOU",NA,NA,NA,NA
"2165","PHI","CIN",NA,NA,NA,NA,NA,NA,NA
"2166","MIN","MIN","BOS","BAL","KCA","TOR","TOR","OAK",NA
"2167","DET","DET","DET","NYN",NA,NA,NA,NA,NA
"2168","BAL","PIT",NA,NA,NA,NA,NA,NA,NA
"2169","LAN","LAN","LAN","LAN",NA,NA,NA,NA,NA
"2170","SEA","SEA","LAA","KCA","KCA",NA,NA,NA,NA
"2171","MIN","MIN",NA,NA,NA,NA,NA,NA,NA
"2172","BOS",NA,NA,NA,NA,NA,NA,NA,NA
"2173","ATL","ATL","ATL","ATL","BOS",NA,NA,NA,NA
"2174","SEA",NA,NA,NA,NA,NA,NA,NA,NA
"2175","ARI","MIN",NA,NA,NA,NA,NA,NA,NA
"2176","BOS",NA,NA,NA,NA,NA,NA,NA,NA
"2177","FLO",NA,NA,NA,NA,NA,NA,NA,NA
"2178","CHA","CHA","CHA","ATL",NA,NA,NA,NA,NA
"2179","HOU",NA,NA,NA,NA,NA,NA,NA,NA
"2180","LAA","MIA","MIA",NA,NA,NA,NA,NA,NA
"2181","LAN",NA,NA,NA,NA,NA,NA,NA,NA
"2182","SDN","SDN","SDN","SDN","SDN","TEX",NA,NA,NA
"2183","OAK",NA,NA,NA,NA,NA,NA,NA,NA
"2184","ATL","ATL",NA,NA,NA,NA,NA,NA,NA
"2185","KCA","KCA","KCA",NA,NA,NA,NA,NA,NA
"2186","PIT","MIL","HOU","DET","CHN","HOU",NA,NA,NA
"2187","KCA",NA,NA,NA,NA,NA,NA,NA,NA
"2188","DET","DET",NA,NA,NA,NA,NA,NA,NA
"2189","DET","DET","DET","DET","DET",NA,NA,NA,NA
"2190","TEX","NYN",NA,NA,NA,NA,NA,NA,NA
"2191","CHA","CHA","CHA","CHA",NA,NA,NA,NA,NA
"2192","PHI","PHI","LAN","BOS","BOS","BOS","LAA",NA,NA
"2193","DET","DET","DET","BOS",NA,NA,NA,NA,NA
"2194","TOR","TOR","CHN","CHN","SLN",NA,NA,NA,NA
"2195","FLO",NA,NA,NA,NA,NA,NA,NA,NA
"2196","HOU","HOU","HOU",NA,NA,NA,NA,NA,NA
"2197","CIN","CIN","CIN","CIN",NA,NA,NA,NA,NA
"2198","SDN","SDN","SDN","SDN",NA,NA,NA,NA,NA
"2199","BAL",NA,NA,NA,NA,NA,NA,NA,NA
"2200","CHN",NA,NA,NA,NA,NA,NA,NA,NA
"2201","ATL","CHN","ATL",NA,NA,NA,NA,NA,NA
"2202","CHA","TOR",NA,NA,NA,NA,NA,NA,NA
"2203","SFN","SFN","SFN","SFN","SFN",NA,NA,NA,NA
"2204","TBA","OAK","OAK","OAK",NA,NA,NA,NA,NA
"2205","CIN","SDN","SDN","LAN","PIT","KCA",NA,NA,NA
"2206","FLO","CHN","COL","PIT",NA,NA,NA,NA,NA
"2207","CIN","CIN","CIN","CIN","CIN",NA,NA,NA,NA
"2208","SLN","SLN","SLN",NA,NA,NA,NA,NA,NA
"2209","CHN","CHN",NA,NA,NA,NA,NA,NA,NA
"2210","NYA","NYA",NA,NA,NA,NA,NA,NA,NA
"2211","OAK","TOR","TOR",NA,NA,NA,NA,NA,NA
"2212","MIL",NA,NA,NA,NA,NA,NA,NA,NA
"2213","SLN","SLN","SLN","SLN",NA,NA,NA,NA,NA
"2214","BOS",NA,NA,NA,NA,NA,NA,NA,NA
"2215","LAA","LAA","ATL","ATL","SLN",NA,NA,NA,NA
"2216","MIN","MIN",NA,NA,NA,NA,NA,NA,NA
"2217","CIN",NA,NA,NA,NA,NA,NA,NA,NA
"2218","BAL","BAL",NA,NA,NA,NA,NA,NA,NA
"2219","PIT","PIT","PIT","PIT","PIT",NA,NA,NA,NA
"2220","SEA","SEA","SEA",NA,NA,NA,NA,NA,NA
"2221","HOU","HOU","HOU","SDN",NA,NA,NA,NA,NA
"2222","LAN","LAN","LAA",NA,NA,NA,NA,NA,NA
"2223","SLN","TOR","MIN","MIN",NA,NA,NA,NA,NA
"2224","WAS","WAS","CLE","CLE",NA,NA,NA,NA,NA
"2225","WAS","WAS","TOR",NA,NA,NA,NA,NA,NA
"2226","MIL",NA,NA,NA,NA,NA,NA,NA,NA
"2227","NYA","NYA","NYA","NYA",NA,NA,NA,NA,NA
"2228","CHN","CHN",NA,NA,NA,NA,NA,NA,NA
"2229","PIT","PIT","PIT","PIT","PIT",NA,NA,NA,NA
"2230","LAA","LAA","LAA","LAA","LAA",NA,NA,NA,NA
"2231","CHA","CHA","CHA",NA,NA,NA,NA,NA,NA
"2232","FLO","MIA","MIA","BAL","CLE",NA,NA,NA,NA
"2233","ATL",NA,NA,NA,NA,NA,NA,NA,NA
"2234","DET","SDN","TOR",NA,NA,NA,NA,NA,NA
"2235","BOS","BOS","ARI",NA,NA,NA,NA,NA,NA
"2236","OAK","OAK","OAK","BAL","BOS","BOS",NA,NA,NA
"2237","MIL","MIL","MIL","MIL","SEA",NA,NA,NA,NA
"2238","BOS","HOU",NA,NA,NA,NA,NA,NA,NA
"2239","DET",NA,NA,NA,NA,NA,NA,NA,NA
"2240","PIT",NA,NA,NA,NA,NA,NA,NA,NA
"2241","DET","SEA","SEA","OAK","CHA","PHI",NA,NA,NA
"2242","SDN",NA,NA,NA,NA,NA,NA,NA,NA
"2243","CHN","CHN",NA,NA,NA,NA,NA,NA,NA
"2244","LAA","LAA","NYA",NA,NA,NA,NA,NA,NA
"2245","SDN",NA,NA,NA,NA,NA,NA,NA,NA
"2246","WAS","WAS","WAS","WAS","WAS",NA,NA,NA,NA
"2247","SLN","SLN","SLN",NA,NA,NA,NA,NA,NA
"2248","TEX","LAN",NA,NA,NA,NA,NA,NA,NA
"2249","BOS","CLE",NA,NA,NA,NA,NA,NA,NA
"2250","ARI","COL","COL",NA,NA,NA,NA,NA,NA
"2251","NYN","NYN",NA,NA,NA,NA,NA,NA,NA
"2252","NYA",NA,NA,NA,NA,NA,NA,NA,NA
"2253","NYA","DET",NA,NA,NA,NA,NA,NA,NA
"2254","CLE","COL","COL",NA,NA,NA,NA,NA,NA
"2255","SFN","SFN","CHN",NA,NA,NA,NA,NA,NA
"2256","NYA","NYA",NA,NA,NA,NA,NA,NA,NA
"2257","SDN","SDN","LAN",NA,NA,NA,NA,NA,NA
"2258","BAL","BAL","BAL","BAL","BAL",NA,NA,NA,NA
"2259","COL","PHI","SLN",NA,NA,NA,NA,NA,NA
"2260","SEA","SEA","SEA","SEA","SEA",NA,NA,NA,NA
"2261","DET","DET","LAA",NA,NA,NA,NA,NA,NA
"2262","CHA",NA,NA,NA,NA,NA,NA,NA,NA
"2263","CIN",NA,NA,NA,NA,NA,NA,NA,NA
"2264","COL","SFN",NA,NA,NA,NA,NA,NA,NA
"2265","LAA","LAA","LAA","HOU","TEX","PHI","PHI",NA,NA
"2266","OAK","MIN","MIN","MIN","KCA",NA,NA,NA,NA
"2267","NYA",NA,NA,NA,NA,NA,NA,NA,NA
"2268","SFN",NA,NA,NA,NA,NA,NA,NA,NA
"2269","BOS",NA,NA,NA,NA,NA,NA,NA,NA
"2270","LAA",NA,NA,NA,NA,NA,NA,NA,NA
"2271","BOS","BOS","DET",NA,NA,NA,NA,NA,NA
"2272","LAA","LAA","ARI","TBA","TEX",NA,NA,NA,NA
"2273","SFN","SFN","LAN","LAN",NA,NA,NA,NA,NA
"2274","TEX","LAA","LAA","LAA","LAA",NA,NA,NA,NA
"2275","SEA","ATL","ATL",NA,NA,NA,NA,NA,NA
"2276","ARI","MIL","ARI","TEX","DET",NA,NA,NA,NA
"2277","PIT","PIT","PIT","NYA",NA,NA,NA,NA,NA
"2278","SEA",NA,NA,NA,NA,NA,NA,NA,NA
"2279","BAL",NA,NA,NA,NA,NA,NA,NA,NA
"2280","ATL",NA,NA,NA,NA,NA,NA,NA,NA
"2281","FLO","TOR","NYA","CHA","CHA",NA,NA,NA,NA
"2282","ATL",NA,NA,NA,NA,NA,NA,NA,NA
"2283","LAN","LAN",NA,NA,NA,NA,NA,NA,NA
"2284","HOU",NA,NA,NA,NA,NA,NA,NA,NA
"2285","MIL","MIL","BAL","MIA","DET",NA,NA,NA,NA
"2286","TEX",NA,NA,NA,NA,NA,NA,NA,NA
"2287","SLN","SLN","SLN",NA,NA,NA,NA,NA,NA
"2288","ATL","ATL","ATL","LAN",NA,NA,NA,NA,NA
"2289","KCA","CLE","CLE",NA,NA,NA,NA,NA,NA
"2290","LAA","PIT",NA,NA,NA,NA,NA,NA,NA
"2291","CHN","CHN",NA,NA,NA,NA,NA,NA,NA
"2292","PIT",NA,NA,NA,NA,NA,NA,NA,NA
"2293","CIN","CHN","CHN","CHN","CHN",NA,NA,NA,NA
"2294","TOR",NA,NA,NA,NA,NA,NA,NA,NA
"2295","MIL","MIL","MIL",NA,NA,NA,NA,NA,NA
"2296","BOS","BOS",NA,NA,NA,NA,NA,NA,NA
"2297","PHI","PHI","MIN","PIT","PIT",NA,NA,NA,NA
"2298","BAL",NA,NA,NA,NA,NA,NA,NA,NA
"2299","DET","DET","DET","DET",NA,NA,NA,NA,NA
"2300","NYN","NYN","NYN","NYN","NYN",NA,NA,NA,NA
"2301","SEA","LAN","TBA","LAN",NA,NA,NA,NA,NA
"2302","BAL",NA,NA,NA,NA,NA,NA,NA,NA
"2303","BOS","BOS","BOS",NA,NA,NA,NA,NA,NA
"2304","HOU","HOU","HOU","TBA","CHN","BAL","LAA",NA,NA
"2305","OAK",NA,NA,NA,NA,NA,NA,NA,NA
"2306","TBA","TBA",NA,NA,NA,NA,NA,NA,NA
"2307","MIA","MIA","MIA",NA,NA,NA,NA,NA,NA
"2308","COL","COL",NA,NA,NA,NA,NA,NA,NA
"2309","BOS","BOS","CHA","NYA",NA,NA,NA,NA,NA
"2310","NYN","NYN","SEA","KCA",NA,NA,NA,NA,NA
"2311","ARI","ARI","OAK","NYN","NYA","NYA",NA,NA,NA
"2312","MIN","DET","DET","PHI","TBA","BAL","BAL",NA,NA
"2313","COL","COL","COL","NYN","NYN","ATL","NYN",NA,NA
"2314","ATL","DET",NA,NA,NA,NA,NA,NA,NA
"2315","TEX","TEX","PHI","LAN",NA,NA,NA,NA,NA
"2316","PHI","ARI","PIT","NYA",NA,NA,NA,NA,NA
"2317","CHN","MIA",NA,NA,NA,NA,NA,NA,NA
"2318","HOU","HOU",NA,NA,NA,NA,NA,NA,NA
"2319","OAK","ARI","ARI","ARI","ARI","ARI",NA,NA,NA
"2320","WAS","WAS","WAS","WAS","WAS",NA,NA,NA,NA
"2321","WAS","WAS","WAS","WAS","WAS",NA,NA,NA,NA
"2322","SFN","SFN","SFN","OAK",NA,NA,NA,NA,NA
"2323","TBA","TBA","TBA","TBA","OAK","KCA",NA,NA,NA
"2324","SEA","SEA","SEA",NA,NA,NA,NA,NA,NA
"2325","SEA",NA,NA,NA,NA,NA,NA,NA,NA
